funding_time,funding_time_ms,funding_rate,mark_price
2025-08-07T16:00:00.002000+00:00,1754582400002,0.00010000,121.09000000
2025-08-08T00:00:00.002000+00:00,1754611200002,0.00010000,122.88595278
2025-08-08T08:00:00.004000+00:00,1754640000004,0.00007322,122.27000000
2025-08-08T16:00:00+00:00,1754668800000,0.00010000,121.30310833
2025-08-09T00:00:00.005000+00:00,1754697600005,0.00010000,123.73412679
2025-08-09T08:00:00+00:00,1754726400000,0.00010000,125.17000000
2025-08-09T16:00:00.007000+00:00,1754755200007,0.00005359,121.10000000
2025-08-10T00:00:00.003000+00:00,1754784000003,0.00008285,120.13250357
2025-08-10T08:00:00.005000+00:00,1754812800005,0.00005105,119.17000000
2025-08-10T16:00:00.002000+00:00,1754841600002,0.00010000,124.21672440
2025-08-11T00:00:00+00:00,1754870400000,0.00010000,123.69205357
2025-08-11T08:00:00+00:00,1754899200000,0.00010000,123.32091471
2025-08-11T16:00:00+00:00,1754928000000,0.00010000,125.20000000
2025-08-12T00:00:00+00:00,1754956800000,0.00005838,119.99000000
2025-08-12T08:00:00.001000+00:00,1754985600001,0.00003741,119.29000000
2025-08-12T16:00:00.005000+00:00,1755014400005,0.00005934,124.41000000
2025-08-13T00:00:00+00:00,1755043200000,0.00010000,130.44151471
2025-08-13T08:00:00.002000+00:00,1755072000002,0.00010000,131.68000000
2025-08-13T16:00:00.006000+00:00,1755100800006,0.00010000,130.07000000
2025-08-14T00:00:00.002000+00:00,1755129600002,0.00010000,130.90000000
2025-08-14T08:00:00.003000+00:00,1755158400003,0.00010000,129.54044118
2025-08-14T16:00:00+00:00,1755187200000,0.00010000,122.71480392
2025-08-15T00:00:00+00:00,1755216000000,0.00005011,121.22337255
2025-08-15T08:00:00+00:00,1755244800000,0.00002015,121.41508333
2025-08-15T16:00:00+00:00,1755273600000,0.00010000,117.55000000
2025-08-16T00:00:00.004000+00:00,1755302400004,0.00001621,119.09998810
2025-08-16T08:00:00+00:00,1755331200000,0.00010000,118.70275000
2025-08-16T16:00:00.002000+00:00,1755360000002,0.00002619,118.82000000
2025-08-17T00:00:00+00:00,1755388800000,-0.00003217,120.96813690
2025-08-17T08:00:00.001000+00:00,1755417600001,0.00004978,122.91000000
2025-08-17T16:00:00.007000+00:00,1755446400007,0.00008001,122.28909524
2025-08-18T00:00:00+00:00,1755475200000,0.00010000,120.67000000
2025-08-18T08:00:00.001000+00:00,1755504000001,0.00004124,116.03000000
2025-08-18T16:00:00.002000+00:00,1755532800002,0.00000122,118.02094118
2025-08-19T00:00:00+00:00,1755561600000,0.00004697,117.69000000
2025-08-19T08:00:00.001000+00:00,1755590400001,0.00008886,114.97000000
2025-08-19T16:00:00+00:00,1755619200000,0.00005103,114.10000000
2025-08-20T00:00:00+00:00,1755648000000,0.00010000,112.59489216
2025-08-20T08:00:00+00:00,1755676800000,0.00000965,113.86748255
2025-08-20T16:00:00+00:00,1755705600000,0.00001226,114.88092647
2025-08-21T00:00:00.006000+00:00,1755734400006,0.00006044,116.02261765
2025-08-21T08:00:00+00:00,1755763200000,0.00009032,116.05000000
2025-08-21T16:00:00.003000+00:00,1755792000003,0.00003507,114.09000000
2025-08-22T00:00:00.010000+00:00,1755820800010,0.00006932,114.69000000
2025-08-22T08:00:00.007000+00:00,1755849600007,0.00004249,116.27883824
2025-08-22T16:00:00.001000+00:00,1755878400001,0.00005833,119.43687745
2025-08-23T00:00:00.004000+00:00,1755907200004,0.00010000,122.96608333
2025-08-23T08:00:00.006000+00:00,1755936000006,0.00010000,121.75176471
2025-08-23T16:00:00+00:00,1755964800000,0.00010000,120.87807843
2025-08-24T00:00:00.001000+00:00,1755993600001,0.00010000,121.44000000
2025-08-24T08:00:00.002000+00:00,1756022400002,0.00010000,119.49000000
2025-08-24T16:00:00.001000+00:00,1756051200001,0.00010000,119.29000000
2025-08-25T00:00:00+00:00,1756080000000,0.00010000,118.18161765
2025-08-25T08:00:00.002000+00:00,1756108800002,0.00010000,112.47000000
2025-08-25T16:00:00.002000+00:00,1756137600002,-0.00004595,111.64000000
2025-08-26T00:00:00+00:00,1756166400000,-0.00006408,109.07000000
2025-08-26T08:00:00+00:00,1756195200000,-0.00002649,110.55000000
2025-08-26T16:00:00+00:00,1756224000000,0.00006431,111.95000000
2025-08-27T00:00:00.003000+00:00,1756252800003,0.00010000,113.43557353
2025-08-27T08:00:00+00:00,1756281600000,0.00010000,112.95000000
2025-08-27T16:00:00.009000+00:00,1756310400009,0.00007026,113.65293137
2025-08-28T00:00:00+00:00,1756339200000,0.00010000,112.14000000
2025-08-28T08:00:00.005000+00:00,1756368000005,0.00010000,113.44000000
2025-08-28T16:00:00.004000+00:00,1756396800004,0.00003266,112.58000000
2025-08-29T00:00:00+00:00,1756425600000,0.00008433,113.60910294
2025-08-29T08:00:00+00:00,1756454400000,0.00010000,110.36868137
2025-08-29T16:00:00.005000+00:00,1756483200005,0.00001720,109.86000000
2025-08-30T00:00:00+00:00,1756512000000,0.00009096,109.86000000
2025-08-30T08:00:00.002000+00:00,1756540800002,0.00010000,110.67000000
2025-08-30T16:00:00.003000+00:00,1756569600003,0.00010000,110.57765686
2025-08-31T00:00:00.016000+00:00,1756598400016,0.00005213,110.76266176
2025-08-31T08:00:00+00:00,1756627200000,0.00008606,111.08000000
2025-08-31T16:00:00.001000+00:00,1756656000001,0.00009647,110.67000000
2025-09-01T00:00:00+00:00,1756684800000,0.00006286,108.83111665
2025-09-01T08:00:00+00:00,1756713600000,0.00006626,110.44517157
2025-09-01T16:00:00.001000+00:00,1756742400001,0.00010000,109.49460294
2025-09-02T00:00:00+00:00,1756771200000,0.00005247,108.68000000
2025-09-02T08:00:00.005000+00:00,1756800000005,0.00004923,110.54466176
2025-09-02T16:00:00.007000+00:00,1756828800007,0.00008823,109.53000000
2025-09-03T00:00:00.006000+00:00,1756857600006,0.00002044,111.69474020
2025-09-03T08:00:00.002000+00:00,1756886400002,0.00010000,111.71000000
2025-09-03T16:00:00.002000+00:00,1756915200002,0.00010000,112.80590196
2025-09-04T00:00:00.002000+00:00,1756944000002,0.00010000,112.94000000
2025-09-04T08:00:00+00:00,1756972800000,0.00005075,111.30406780
2025-09-04T16:00:00+00:00,1757001600000,0.00006087,109.99458824
2025-09-05T00:00:00.001000+00:00,1757030400001,-0.00001689,111.00000000
2025-09-05T08:00:00.006000+00:00,1757059200006,0.00010000,113.13237745
2025-09-05T16:00:00+00:00,1757088000000,0.00010000,112.30000000
2025-09-06T00:00:00+00:00,1757116800000,0.00010000,112.01000000
2025-09-06T08:00:00.005000+00:00,1757145600005,0.00005491,111.67000000
2025-09-06T16:00:00+00:00,1757174400000,0.00003452,111.40000000
2025-09-07T00:00:00+00:00,1757203200000,0.00010000,112.07000000
2025-09-07T08:00:00+00:00,1757232000000,0.00010000,113.73365686
2025-09-07T16:00:00+00:00,1757260800000,0.00010000,114.67000000
2025-09-08T00:00:00.007000+00:00,1757289600007,0.00010000,114.86000000
2025-09-08T08:00:00+00:00,1757318400000,-0.00004876,112.80000000
2025-09-08T16:00:00+00:00,1757347200000,-0.00004528,113.39000000
2025-09-09T00:00:00+00:00,1757376000000,-0.00004493,112.69029902
2025-09-09T08:00:00+00:00,1757404800000,0.00010000,113.98689216
2025-09-09T16:00:00+00:00,1757433600000,0.00009906,111.28980392
2025-09-10T00:00:00+00:00,1757462400000,-0.00003953,111.88000000
2025-09-10T08:00:00.002000+00:00,1757491200002,0.00009253,113.09751961
2025-09-10T16:00:00+00:00,1757520000000,0.00010000,114.30000000
2025-09-11T00:00:00+00:00,1757548800000,0.00010000,117.61000000
2025-09-11T08:00:00+00:00,1757577600000,0.00010000,117.21000000
2025-09-11T16:00:00.001000+00:00,1757606400001,0.00004416,113.83025980
2025-09-12T00:00:00.002000+00:00,1757635200002,-0.00000099,115.77097549
2025-09-12T08:00:00.001000+00:00,1757664000001,0.00010000,115.68000000
2025-09-12T16:00:00.005000+00:00,1757692800005,0.00009790,116.48000000
2025-09-13T00:00:00.005000+00:00,1757721600005,0.00010000,117.98000000
2025-09-13T08:00:00.002000+00:00,1757750400002,0.00010000,118.73000000
2025-09-13T16:00:00+00:00,1757779200000,0.00010000,119.07314706
2025-09-14T00:00:00.006000+00:00,1757808000006,0.00010000,119.17000000
2025-09-14T08:00:00+00:00,1757836800000,0.00010000,116.72000000
2025-09-14T16:00:00.001000+00:00,1757865600001,-0.00004891,114.68696411
2025-09-15T00:00:00.006000+00:00,1757894400006,0.00001163,115.03432353
2025-09-15T08:00:00.002000+00:00,1757923200002,0.00009470,114.84000000
2025-09-15T16:00:00.001000+00:00,1757952000001,0.00004412,113.06000000
2025-09-16T00:00:00.001000+00:00,1757980800001,0.00000934,113.66288725
2025-09-16T08:00:00+00:00,1758009600000,0.00004382,114.74000000
2025-09-16T16:00:00+00:00,1758038400000,0.00010000,115.00413725
2025-09-17T00:00:00.001000+00:00,1758067200001,0.00010000,114.97987255
2025-09-17T08:00:00+00:00,1758096000000,0.00005495,115.19804902
2025-09-17T16:00:00.003000+00:00,1758124800003,0.00003975,113.82000000
2025-09-18T00:00:00.006000+00:00,1758153600006,0.00010000,116.97000000
2025-09-18T08:00:00.002000+00:00,1758182400002,0.00010000,115.45689706
2025-09-18T16:00:00+00:00,1758211200000,-0.00000939,116.97262745
2025-09-19T00:00:00+00:00,1758240000000,0.00010000,118.14000000
2025-09-19T08:00:00.005000+00:00,1758268800005,0.00009189,117.49147059
2025-09-19T16:00:00+00:00,1758297600000,0.00002587,115.42248039
2025-09-20T00:00:00+00:00,1758326400000,0.00001904,113.96286275
2025-09-20T08:00:00+00:00,1758355200000,-0.00002230,115.10744118
2025-09-20T16:00:00.002000+00:00,1758384000002,-0.00004396,114.64000000
2025-09-21T00:00:00+00:00,1758412800000,0.00000251,113.85937255
2025-09-21T08:00:00+00:00,1758441600000,0.00006358,115.33009804
2025-09-21T16:00:00+00:00,1758470400000,0.00000258,115.37000000
2025-09-22T00:00:00.005000+00:00,1758499200005,-0.00005656,113.94000000
2025-09-22T08:00:00.003000+00:00,1758528000003,-0.00000302,105.46119608
2025-09-22T16:00:00+00:00,1758556800000,-0.00005273,105.21000000
2025-09-23T00:00:00+00:00,1758585600000,-0.00002976,105.61000000
2025-09-23T08:00:00.001000+00:00,1758614400001,0.00006263,106.17000000
2025-09-23T16:00:00+00:00,1758643200000,0.00002595,106.72000000
2025-09-24T00:00:00.003000+00:00,1758672000003,0.00004192,106.01113725
2025-09-24T08:00:00.001000+00:00,1758700800001,0.00010000,106.83000000
2025-09-24T16:00:00.002000+00:00,1758729600002,0.00001190,106.78378431
2025-09-25T00:00:00+00:00,1758758400000,-0.00002236,105.48639216
2025-09-25T08:00:00.001000+00:00,1758787200001,-0.00002580,103.91068627
2025-09-25T16:00:00+00:00,1758816000000,0.00000657,104.47887255
2025-09-26T00:00:00+00:00,1758844800000,0.00005455,102.23000000
2025-09-26T08:00:00+00:00,1758873600000,0.00001003,103.03218627
2025-09-26T16:00:00.008000+00:00,1758902400008,0.00003672,103.34569608
2025-09-27T00:00:00+00:00,1758931200000,0.00004207,104.50000000
2025-09-27T08:00:00.010000+00:00,1758960000010,0.00010000,103.70000000
2025-09-27T16:00:00.003000+00:00,1758988800003,0.00009333,104.86000000
2025-09-28T00:00:00+00:00,1759017600000,0.00010000,104.42000000
2025-09-28T08:00:00+00:00,1759046400000,0.00006135,104.05050000
2025-09-28T16:00:00+00:00,1759075200000,0.00006690,104.51833333
2025-09-29T00:00:00+00:00,1759104000000,0.00010000,106.82000000
2025-09-29T08:00:00.002000+00:00,1759132800002,0.00010000,105.99000000
2025-09-29T16:00:00.001000+00:00,1759161600001,0.00007355,106.32000000
2025-09-30T00:00:00.002000+00:00,1759190400002,0.00010000,106.72000000
2025-09-30T08:00:00.005000+00:00,1759219200005,0.00010000,105.79000000
2025-09-30T16:00:00+00:00,1759248000000,0.00003778,104.46000000
2025-10-01T00:00:00+00:00,1759276800000,0.00010000,106.83000000
2025-10-01T08:00:00+00:00,1759305600000,0.00007848,105.91000000
2025-10-01T16:00:00+00:00,1759334400000,0.00010000,111.28030392
2025-10-02T00:00:00+00:00,1759363200000,0.00010000,115.06000000
2025-10-02T08:00:00.013000+00:00,1759392000013,0.00010000,119.33922549
2025-10-02T16:00:00+00:00,1759420800000,0.00010000,118.77000000
2025-10-03T00:00:00.006000+00:00,1759449600006,0.00010000,119.50000000
2025-10-03T08:00:00.006000+00:00,1759478400006,0.00010000,116.41000000
2025-10-03T16:00:00+00:00,1759507200000,0.00008877,119.98000000
2025-10-04T00:00:00.001000+00:00,1759536000001,0.00010000,120.52000000
2025-10-04T08:00:00+00:00,1759564800000,0.00010000,118.47097363
2025-10-04T16:00:00+00:00,1759593600000,0.00008330,117.74000000
2025-10-05T00:00:00+00:00,1759622400000,0.00007059,120.42750980
2025-10-05T08:00:00.003000+00:00,1759651200003,0.00010000,122.06000000
2025-10-05T16:00:00.009000+00:00,1759680000009,0.00010000,119.76497059
2025-10-06T00:00:00.004000+00:00,1759708800004,0.00008977,118.77588235
2025-10-06T08:00:00.002000+00:00,1759737600002,0.00007555,119.83320588
2025-10-06T16:00:00.004000+00:00,1759766400004,0.00005508,120.51381373
2025-10-07T00:00:00+00:00,1759795200000,0.00004592,118.25000000
2025-10-07T08:00:00.003000+00:00,1759824000003,0.00007721,117.73125490
2025-10-07T16:00:00+00:00,1759852800000,0.00010000,116.09142157
2025-10-08T00:00:00+00:00,1759881600000,0.00005695,116.84000000
2025-10-08T08:00:00.006000+00:00,1759910400006,0.00010000,116.27000000
2025-10-08T16:00:00.002000+00:00,1759939200002,0.00010000,116.31000000
2025-10-09T00:00:00.001000+00:00,1759968000001,0.00009806,118.55000000
2025-10-09T08:00:00+00:00,1759996800000,0.00010000,117.28000000
2025-10-09T16:00:00+00:00,1760025600000,0.00004991,118.25950980
2025-10-10T00:00:00.005000+00:00,1760054400005,0.00010000,125.84000000
2025-10-10T08:00:00.002000+00:00,1760083200002,0.00010000,128.23228431
2025-10-10T16:00:00.014000+00:00,1760112000014,0.00010000,127.04175490
2025-10-11T00:00:00+00:00,1760140800000,0.00057432,96.78000000
2025-10-11T08:00:00.003000+00:00,1760169600003,-0.00000802,98.38000000
2025-10-11T16:00:00+00:00,1760198400000,0.00003329,95.98070588
2025-10-12T00:00:00.004000+00:00,1760227200004,-0.00004668,93.27985294
2025-10-12T08:00:00.002000+00:00,1760256000002,-0.00005636,95.25764706
2025-10-12T16:00:00+00:00,1760284800000,-0.00001282,98.13565686
2025-10-13T00:00:00.003000+00:00,1760313600003,0.00003797,98.89000000
