timestamp,open,high,low,close,volume
2025-10-22T08:42:00+00:00,92.52,92.55,92.51,92.54,333.988
2025-10-22T08:43:00+00:00,92.54,92.55,92.51,92.54,691.500
2025-10-22T08:44:00+00:00,92.55,92.59,92.54,92.58,937.085
2025-10-22T08:45:00+00:00,92.58,92.64,92.56,92.61,1082.626
2025-10-22T08:46:00+00:00,92.62,92.62,92.52,92.53,664.763
2025-10-22T08:47:00+00:00,92.52,92.52,92.41,92.41,369.619
2025-10-22T08:48:00+00:00,92.42,92.42,92.41,92.42,77.883
2025-10-22T08:49:00+00:00,92.42,92.45,92.41,92.45,424.586
2025-10-22T08:50:00+00:00,92.45,92.49,92.45,92.49,143.604
2025-10-22T08:51:00+00:00,92.49,92.49,92.42,92.44,1186.240
2025-10-22T08:52:00+00:00,92.44,92.44,92.40,92.40,591.029
2025-10-22T08:53:00+00:00,92.41,92.41,92.28,92.29,5616.338
2025-10-22T08:54:00+00:00,92.28,92.34,92.28,92.33,1931.361
2025-10-22T08:55:00+00:00,92.34,92.37,92.33,92.34,611.185
2025-10-22T08:56:00+00:00,92.34,92.43,92.34,92.39,1286.386
2025-10-22T08:57:00+00:00,92.40,92.40,92.33,92.36,464.910
2025-10-22T08:58:00+00:00,92.35,92.37,92.34,92.34,381.405
2025-10-22T08:59:00+00:00,92.35,92.37,92.33,92.34,857.156
2025-10-22T09:00:00+00:00,92.35,92.36,92.31,92.31,400.561
2025-10-22T09:01:00+00:00,92.32,92.40,92.32,92.40,1931.724
2025-10-22T09:02:00+00:00,92.40,92.40,92.32,92.36,968.794
2025-10-22T09:03:00+00:00,92.36,92.41,92.35,92.40,1071.008
2025-10-22T09:04:00+00:00,92.40,92.42,92.36,92.37,1516.950
2025-10-22T09:05:00+00:00,92.37,92.37,92.26,92.27,1524.560
2025-10-22T09:06:00+00:00,92.28,92.28,92.15,92.16,4417.037
2025-10-22T09:07:00+00:00,92.17,92.18,92.05,92.08,3484.783
2025-10-22T09:08:00+00:00,92.09,92.15,92.07,92.15,1391.320
2025-10-22T09:09:00+00:00,92.15,92.25,92.14,92.18,3756.889
2025-10-22T09:10:00+00:00,92.17,92.17,92.09,92.11,1216.865
2025-10-22T09:11:00+00:00,92.11,92.17,92.09,92.12,962.200
2025-10-22T09:12:00+00:00,92.12,92.12,91.98,92.07,3936.399
2025-10-22T09:13:00+00:00,92.07,92.07,92.00,92.05,970.630
2025-10-22T09:14:00+00:00,92.05,92.05,91.95,91.97,888.601
2025-10-22T09:15:00+00:00,91.98,92.00,91.95,91.97,2667.737
2025-10-22T09:16:00+00:00,91.98,92.10,91.95,92.06,4398.796
2025-10-22T09:17:00+00:00,92.05,92.05,92.01,92.04,956.018
2025-10-22T09:18:00+00:00,92.04,92.05,92.00,92.05,1215.874
2025-10-22T09:19:00+00:00,92.04,92.06,91.80,91.86,6131.246
2025-10-22T09:20:00+00:00,91.87,91.90,91.85,91.85,1774.217
2025-10-22T09:21:00+00:00,91.86,91.92,91.80,91.92,1967.425
2025-10-22T09:22:00+00:00,91.92,92.16,91.92,92.13,4317.017
2025-10-22T09:23:00+00:00,92.12,92.12,92.04,92.10,1201.611
2025-10-22T09:24:00+00:00,92.11,92.13,92.05,92.10,587.204
2025-10-22T09:25:00+00:00,92.11,92.19,92.11,92.12,1019.164
2025-10-22T09:26:00+00:00,92.12,92.14,92.09,92.09,957.440
2025-10-22T09:27:00+00:00,92.08,92.10,92.00,92.04,1404.745
2025-10-22T09:28:00+00:00,92.04,92.24,92.04,92.19,1791.782
2025-10-22T09:29:00+00:00,92.18,92.25,92.17,92.23,560.223
2025-10-22T09:30:00+00:00,92.22,92.29,92.18,92.23,2880.666
2025-10-22T09:31:00+00:00,92.23,92.36,92.22,92.26,2695.565
2025-10-22T09:32:00+00:00,92.26,92.34,92.25,92.31,743.242
2025-10-22T09:33:00+00:00,92.32,92.37,92.26,92.31,2170.429
2025-10-22T09:34:00+00:00,92.31,92.31,92.25,92.27,305.687
2025-10-22T09:35:00+00:00,92.27,92.28,92.23,92.25,362.543
2025-10-22T09:36:00+00:00,92.25,92.31,92.18,92.19,1060.515
2025-10-22T09:37:00+00:00,92.18,92.22,92.13,92.16,1865.664
2025-10-22T09:38:00+00:00,92.16,92.16,92.02,92.05,1839.331
2025-10-22T09:39:00+00:00,92.04,92.04,91.91,91.97,1339.799
2025-10-22T09:40:00+00:00,91.97,92.00,91.91,91.95,1249.859
2025-10-22T09:41:00+00:00,91.94,92.03,91.94,91.95,2778.624
2025-10-22T09:42:00+00:00,91.95,91.95,91.78,91.80,1833.291
2025-10-22T09:43:00+00:00,91.79,91.85,91.78,91.80,2560.325
2025-10-22T09:44:00+00:00,91.80,91.84,91.80,91.80,915.466
2025-10-22T09:45:00+00:00,91.79,91.79,91.72,91.73,1823.917
2025-10-22T09:46:00+00:00,91.74,91.84,91.74,91.74,2037.022
2025-10-22T09:47:00+00:00,91.75,91.90,91.75,91.90,9344.221
2025-10-22T09:48:00+00:00,91.90,91.92,91.88,91.89,1758.175
2025-10-22T09:49:00+00:00,91.88,91.92,91.86,91.88,595.428
2025-10-22T09:50:00+00:00,91.89,91.92,91.83,91.88,10511.384
2025-10-22T09:51:00+00:00,91.87,92.00,91.87,92.00,1272.779
2025-10-22T09:52:00+00:00,92.01,92.17,92.01,92.09,2463.505
2025-10-22T09:53:00+00:00,92.09,92.11,92.02,92.08,1324.070
2025-10-22T09:54:00+00:00,92.08,92.08,92.00,92.05,415.644
2025-10-22T09:55:00+00:00,92.06,92.13,92.06,92.06,480.227
2025-10-22T09:56:00+00:00,92.07,92.11,92.03,92.05,582.975
2025-10-22T09:57:00+00:00,92.04,92.04,92.00,92.03,671.748
2025-10-22T09:58:00+00:00,92.03,92.03,91.98,92.01,1216.950
2025-10-22T09:59:00+00:00,92.01,92.03,91.99,92.02,289.813
2025-10-22T10:00:00+00:00,92.03,92.05,92.00,92.03,1266.817
2025-10-22T10:01:00+00:00,92.04,92.11,91.96,91.97,3317.145
2025-10-22T10:02:00+00:00,91.98,92.08,91.94,92.08,1172.242
2025-10-22T10:03:00+00:00,92.09,92.11,92.02,92.09,2265.618
2025-10-22T10:04:00+00:00,92.09,92.15,92.09,92.10,659.562
2025-10-22T10:05:00+00:00,92.11,92.14,92.11,92.13,878.592
2025-10-22T10:06:00+00:00,92.13,92.21,92.08,92.16,1032.297
2025-10-22T10:07:00+00:00,92.16,92.22,92.10,92.11,1870.003
2025-10-22T10:08:00+00:00,92.11,92.12,92.02,92.10,1594.718
2025-10-22T10:09:00+00:00,92.11,92.11,92.05,92.10,217.994
2025-10-22T10:10:00+00:00,92.10,92.12,92.03,92.06,1101.249
2025-10-22T10:11:00+00:00,92.05,92.07,92.01,92.05,546.302
2025-10-22T10:12:00+00:00,92.05,92.06,92.00,92.04,1324.498
2025-10-22T10:13:00+00:00,92.03,92.07,92.01,92.05,1356.757
2025-10-22T10:14:00+00:00,92.04,92.10,92.04,92.07,1047.340
2025-10-22T10:15:00+00:00,92.07,92.17,92.04,92.12,875.959
2025-10-22T10:16:00+00:00,92.12,92.23,92.11,92.16,1081.535
2025-10-22T10:17:00+00:00,92.15,92.22,92.14,92.15,1414.674
2025-10-22T10:18:00+00:00,92.15,92.15,92.02,92.05,1418.868
2025-10-22T10:19:00+00:00,92.05,92.05,91.99,92.00,1060.244
2025-10-22T10:20:00+00:00,92.01,92.15,92.01,92.14,739.950
2025-10-22T10:21:00+00:00,92.14,92.14,92.05,92.05,631.734
2025-10-22T10:22:00+00:00,92.05,92.05,91.95,91.95,493.049
2025-10-22T10:23:00+00:00,91.96,91.96,91.91,91.93,994.875
2025-10-22T10:24:00+00:00,91.93,91.95,91.91,91.93,608.160
2025-10-22T10:25:00+00:00,91.93,91.94,91.91,91.92,499.162
2025-10-22T10:26:00+00:00,91.92,92.00,91.92,91.95,604.325
2025-10-22T10:27:00+00:00,91.96,92.11,91.95,92.08,618.462
2025-10-22T10:28:00+00:00,92.09,92.10,92.06,92.08,631.858
2025-10-22T10:29:00+00:00,92.09,92.10,91.98,92.06,3791.510
2025-10-22T10:30:00+00:00,92.05,92.11,92.02,92.08,915.335
2025-10-22T10:31:00+00:00,92.07,92.10,91.88,91.89,8496.445
2025-10-22T10:32:00+00:00,91.89,91.96,91.89,91.95,1531.935
2025-10-22T10:33:00+00:00,91.94,91.94,91.81,91.91,3829.467
2025-10-22T10:34:00+00:00,91.92,91.93,91.89,91.92,513.497
2025-10-22T10:35:00+00:00,91.91,91.92,91.83,91.87,2858.997
2025-10-22T10:36:00+00:00,91.87,91.91,91.85,91.88,832.257
2025-10-22T10:37:00+00:00,91.87,91.88,91.82,91.83,533.873
2025-10-22T10:38:00+00:00,91.83,91.83,91.69,91.76,2979.971
2025-10-22T10:39:00+00:00,91.76,91.78,91.72,91.78,1131.920
2025-10-22T10:40:00+00:00,91.79,91.82,91.77,91.79,461.376
2025-10-22T10:41:00+00:00,91.78,91.79,91.73,91.74,713.004
2025-10-22T10:42:00+00:00,91.74,91.77,91.72,91.77,1234.558
2025-10-22T10:43:00+00:00,91.77,91.79,91.72,91.73,1663.467
2025-10-22T10:44:00+00:00,91.72,91.84,91.72,91.83,3067.886
2025-10-22T10:45:00+00:00,91.83,91.83,91.78,91.83,728.233
2025-10-22T10:46:00+00:00,91.82,91.84,91.77,91.84,497.343
2025-10-22T10:47:00+00:00,91.83,91.83,91.77,91.80,637.045
2025-10-22T10:48:00+00:00,91.79,91.81,91.76,91.79,309.465
2025-10-22T10:49:00+00:00,91.79,91.82,91.78,91.81,978.371
2025-10-22T10:50:00+00:00,91.81,91.83,91.74,91.75,678.319
2025-10-22T10:51:00+00:00,91.75,91.96,91.71,91.92,1678.237
2025-10-22T10:52:00+00:00,91.93,91.97,91.90,91.97,465.170
2025-10-22T10:53:00+00:00,91.97,92.03,91.95,92.02,1080.067
2025-10-22T10:54:00+00:00,92.01,92.01,91.91,91.91,194.209
2025-10-22T10:55:00+00:00,91.92,91.92,91.87,91.90,836.760
2025-10-22T10:56:00+00:00,91.91,91.93,91.87,91.93,724.681
2025-10-22T10:57:00+00:00,91.92,91.93,91.86,91.89,1432.329
2025-10-22T10:58:00+00:00,91.89,91.95,91.80,91.83,2491.049
2025-10-22T10:59:00+00:00,91.84,91.86,91.78,91.80,770.463
2025-10-22T11:00:00+00:00,91.81,91.93,91.80,91.91,738.679
2025-10-22T11:01:00+00:00,91.90,91.90,91.83,91.84,1030.076
2025-10-22T11:02:00+00:00,91.84,91.88,91.58,91.87,12436.286
2025-10-22T11:03:00+00:00,91.87,91.87,90.88,91.19,24863.486
2025-10-22T11:04:00+00:00,91.19,91.58,91.12,91.39,38066.499
2025-10-22T11:05:00+00:00,91.39,91.78,91.37,91.74,8679.509
2025-10-22T11:06:00+00:00,91.75,91.77,91.63,91.65,5813.810
2025-10-22T11:07:00+00:00,91.65,91.74,91.54,91.71,8507.330
2025-10-22T11:08:00+00:00,91.71,91.81,91.55,91.68,6686.639
2025-10-22T11:09:00+00:00,91.68,91.76,91.63,91.73,5360.463
2025-10-22T11:10:00+00:00,91.72,91.92,91.67,91.90,3051.585
2025-10-22T11:11:00+00:00,91.91,92.15,91.91,92.10,7002.082
2025-10-22T11:12:00+00:00,92.10,92.36,92.05,92.27,10969.776
2025-10-22T11:13:00+00:00,92.28,92.58,92.23,92.50,6993.893
2025-10-22T11:14:00+00:00,92.49,92.67,92.44,92.63,3983.943
2025-10-22T11:15:00+00:00,92.63,92.63,92.43,92.44,4955.970
2025-10-22T11:16:00+00:00,92.43,92.48,92.38,92.39,3732.905
2025-10-22T11:17:00+00:00,92.38,92.53,92.31,92.35,3224.682
2025-10-22T11:18:00+00:00,92.34,92.72,92.33,92.68,4795.884
2025-10-22T11:19:00+00:00,92.67,92.73,92.54,92.72,3586.208
2025-10-22T11:20:00+00:00,92.73,92.85,92.63,92.81,5354.783
2025-10-22T11:21:00+00:00,92.81,92.85,92.66,92.69,3558.498
2025-10-22T11:22:00+00:00,92.69,92.80,92.55,92.56,3993.286
2025-10-22T11:23:00+00:00,92.56,92.58,92.46,92.50,5051.055
2025-10-22T11:24:00+00:00,92.50,92.52,92.41,92.44,1844.325
2025-10-22T11:25:00+00:00,92.45,92.45,92.37,92.39,727.661
2025-10-22T11:26:00+00:00,92.39,92.40,92.29,92.33,4720.798
2025-10-22T11:27:00+00:00,92.33,92.39,92.26,92.29,773.292
2025-10-22T11:28:00+00:00,92.28,92.33,92.25,92.32,508.673
2025-10-22T11:29:00+00:00,92.32,92.34,92.25,92.25,1613.374
2025-10-22T11:30:00+00:00,92.26,92.34,92.26,92.31,1322.606
2025-10-22T11:31:00+00:00,92.30,92.37,92.28,92.37,982.799
2025-10-22T11:32:00+00:00,92.37,92.41,92.27,92.30,2101.768
2025-10-22T11:33:00+00:00,92.30,92.30,92.19,92.24,2007.983
2025-10-22T11:34:00+00:00,92.25,92.27,92.20,92.22,1062.087
2025-10-22T11:35:00+00:00,92.21,92.22,92.14,92.16,1223.833
2025-10-22T11:36:00+00:00,92.16,92.20,92.16,92.20,721.509
2025-10-22T11:37:00+00:00,92.19,92.30,92.19,92.27,2171.309
2025-10-22T11:38:00+00:00,92.28,92.33,92.22,92.32,823.796
2025-10-22T11:39:00+00:00,92.32,92.39,92.31,92.37,1271.668
2025-10-22T11:40:00+00:00,92.38,92.38,92.32,92.34,720.940
2025-10-22T11:41:00+00:00,92.35,92.35,92.26,92.26,968.961
2025-10-22T11:42:00+00:00,92.26,92.27,92.11,92.13,1800.368
2025-10-22T11:43:00+00:00,92.13,92.13,92.07,92.08,927.177
2025-10-22T11:44:00+00:00,92.09,92.12,92.06,92.11,635.753
2025-10-22T11:45:00+00:00,92.10,92.10,92.07,92.08,504.337
2025-10-22T11:46:00+00:00,92.07,92.27,92.02,92.14,5366.082
2025-10-22T11:47:00+00:00,92.14,92.16,92.05,92.06,1290.559
2025-10-22T11:48:00+00:00,92.06,92.14,92.05,92.09,556.529
2025-10-22T11:49:00+00:00,92.09,92.09,91.97,92.03,1425.273
2025-10-22T11:50:00+00:00,92.04,92.09,91.96,91.98,1111.206
2025-10-22T11:51:00+00:00,91.98,92.02,91.96,92.00,643.256
2025-10-22T11:52:00+00:00,92.00,92.08,91.95,92.05,841.401
2025-10-22T11:53:00+00:00,92.06,92.08,92.00,92.04,449.890
2025-10-22T11:54:00+00:00,92.03,92.14,92.01,92.10,630.795
2025-10-22T11:55:00+00:00,92.11,92.18,92.09,92.10,643.972
2025-10-22T11:56:00+00:00,92.10,92.15,92.08,92.14,359.597
2025-10-22T11:57:00+00:00,92.14,92.15,92.11,92.11,318.114
2025-10-22T11:58:00+00:00,92.12,92.18,92.12,92.17,850.428
2025-10-22T11:59:00+00:00,92.18,92.25,92.17,92.23,1008.577
2025-10-22T12:00:00+00:00,92.23,92.23,92.17,92.17,1590.046
2025-10-22T12:01:00+00:00,92.17,92.30,92.13,92.22,4847.240
2025-10-22T12:02:00+00:00,92.22,92.22,92.11,92.17,870.360
2025-10-22T12:03:00+00:00,92.16,92.16,92.07,92.11,1306.015
2025-10-22T12:04:00+00:00,92.10,92.12,92.03,92.05,2175.091
2025-10-22T12:05:00+00:00,92.06,92.13,92.03,92.09,884.694
2025-10-22T12:06:00+00:00,92.09,92.30,92.09,92.29,428.862
2025-10-22T12:07:00+00:00,92.29,92.31,92.24,92.31,610.938
2025-10-22T12:08:00+00:00,92.32,92.37,92.29,92.34,857.340
2025-10-22T12:09:00+00:00,92.33,92.33,92.22,92.29,939.250
2025-10-22T12:10:00+00:00,92.29,92.30,92.20,92.21,699.195
2025-10-22T12:11:00+00:00,92.22,92.33,92.21,92.32,1030.983
2025-10-22T12:12:00+00:00,92.32,92.35,92.29,92.32,692.639
2025-10-22T12:13:00+00:00,92.32,92.35,92.18,92.19,708.973
2025-10-22T12:14:00+00:00,92.19,92.23,92.16,92.23,522.657
2025-10-22T12:15:00+00:00,92.23,92.36,92.23,92.32,2192.892
2025-10-22T12:16:00+00:00,92.32,92.49,92.30,92.40,1885.195
2025-10-22T12:17:00+00:00,92.39,92.56,92.39,92.50,1033.687
2025-10-22T12:18:00+00:00,92.50,92.65,92.49,92.61,1432.958
2025-10-22T12:19:00+00:00,92.61,92.68,92.57,92.58,1443.249
2025-10-22T12:20:00+00:00,92.59,92.59,92.49,92.50,1480.106
2025-10-22T12:21:00+00:00,92.50,92.55,92.45,92.46,2079.742
2025-10-22T12:22:00+00:00,92.46,92.51,92.45,92.48,981.103
2025-10-22T12:23:00+00:00,92.48,92.56,92.47,92.53,790.906
2025-10-22T12:24:00+00:00,92.52,92.60,92.51,92.59,989.791
2025-10-22T12:25:00+00:00,92.59,92.69,92.58,92.65,626.588
2025-10-22T12:26:00+00:00,92.65,92.71,92.57,92.71,928.476
2025-10-22T12:27:00+00:00,92.71,92.72,92.66,92.66,702.528
2025-10-22T12:28:00+00:00,92.67,92.75,92.64,92.73,2224.887
2025-10-22T12:29:00+00:00,92.74,92.74,92.61,92.61,1621.825
2025-10-22T12:30:00+00:00,92.61,92.65,92.57,92.58,1749.526
2025-10-22T12:31:00+00:00,92.58,92.69,92.58,92.67,1360.773
2025-10-22T12:32:00+00:00,92.67,92.68,92.62,92.66,1335.769
2025-10-22T12:33:00+00:00,92.65,92.69,92.58,92.64,736.244
2025-10-22T12:34:00+00:00,92.63,92.69,92.58,92.65,608.127
2025-10-22T12:35:00+00:00,92.64,92.71,92.64,92.71,484.767
2025-10-22T12:36:00+00:00,92.71,92.74,92.68,92.74,878.216
2025-10-22T12:37:00+00:00,92.75,92.76,92.67,92.72,1401.583
2025-10-22T12:38:00+00:00,92.71,92.84,92.71,92.77,1346.099
2025-10-22T12:39:00+00:00,92.77,92.87,92.77,92.83,1964.272
2025-10-22T12:40:00+00:00,92.82,92.86,92.78,92.83,2484.424
2025-10-22T12:41:00+00:00,92.83,92.88,92.79,92.80,4397.936
2025-10-22T12:42:00+00:00,92.79,92.93,92.79,92.86,2358.004
2025-10-22T12:43:00+00:00,92.85,92.88,92.77,92.78,1768.675
2025-10-22T12:44:00+00:00,92.79,92.80,92.68,92.70,1824.639
2025-10-22T12:45:00+00:00,92.69,92.72,92.62,92.70,2557.360
2025-10-22T12:46:00+00:00,92.70,92.70,92.61,92.61,3912.646
2025-10-22T12:47:00+00:00,92.61,92.68,92.57,92.60,2102.715
2025-10-22T12:48:00+00:00,92.60,92.63,92.58,92.58,935.100
2025-10-22T12:49:00+00:00,92.59,92.59,92.55,92.58,951.989
2025-10-22T12:50:00+00:00,92.57,92.57,92.51,92.53,726.611
2025-10-22T12:51:00+00:00,92.53,92.62,92.52,92.61,1481.184
2025-10-22T12:52:00+00:00,92.62,92.78,92.61,92.78,1106.702
2025-10-22T12:53:00+00:00,92.77,92.85,92.76,92.85,2185.296
2025-10-22T12:54:00+00:00,92.85,92.88,92.83,92.83,1025.780
2025-10-22T12:55:00+00:00,92.82,92.89,92.82,92.89,743.315
2025-10-22T12:56:00+00:00,92.89,92.89,92.80,92.83,1043.463
2025-10-22T12:57:00+00:00,92.82,92.85,92.77,92.79,1107.409
2025-10-22T12:58:00+00:00,92.80,92.85,92.80,92.85,607.461
2025-10-22T12:59:00+00:00,92.85,92.86,92.81,92.83,1133.849
2025-10-22T13:00:00+00:00,92.84,92.86,92.81,92.81,1203.722
2025-10-22T13:01:00+00:00,92.81,92.88,92.81,92.83,830.915
2025-10-22T13:02:00+00:00,92.83,92.83,92.74,92.74,570.125
2025-10-22T13:03:00+00:00,92.74,92.79,92.68,92.78,1870.132
2025-10-22T13:04:00+00:00,92.77,92.78,92.71,92.77,732.395
2025-10-22T13:05:00+00:00,92.78,92.78,92.71,92.73,808.626
2025-10-22T13:06:00+00:00,92.72,92.83,92.71,92.77,1253.635
2025-10-22T13:07:00+00:00,92.76,92.76,92.67,92.68,639.600
2025-10-22T13:08:00+00:00,92.69,92.74,92.69,92.73,283.509
2025-10-22T13:09:00+00:00,92.73,92.87,92.73,92.87,1449.279
2025-10-22T13:10:00+00:00,92.87,92.93,92.83,92.93,1234.068
2025-10-22T13:11:00+00:00,92.92,93.11,92.92,93.02,3561.078
2025-10-22T13:12:00+00:00,93.02,93.12,93.00,93.12,1572.573
2025-10-22T13:13:00+00:00,93.12,93.18,93.08,93.08,4747.709
2025-10-22T13:14:00+00:00,93.08,93.15,93.07,93.07,2253.993
2025-10-22T13:15:00+00:00,93.07,93.07,93.02,93.03,2102.128
2025-10-22T13:16:00+00:00,93.03,93.08,93.02,93.02,1039.324
2025-10-22T13:17:00+00:00,93.02,93.06,92.97,93.03,1101.882
2025-10-22T13:18:00+00:00,93.03,93.21,93.02,93.18,2084.201
2025-10-22T13:19:00+00:00,93.17,93.23,93.15,93.22,2686.369
2025-10-22T13:20:00+00:00,93.23,93.23,93.17,93.17,1391.108
2025-10-22T13:21:00+00:00,93.16,93.16,93.08,93.14,1606.330
2025-10-22T13:22:00+00:00,93.15,93.22,93.12,93.20,1087.035
2025-10-22T13:23:00+00:00,93.20,93.24,93.20,93.21,890.882
2025-10-22T13:24:00+00:00,93.20,93.42,93.18,93.34,5598.701
2025-10-22T13:25:00+00:00,93.33,93.46,93.30,93.41,4831.659
2025-10-22T13:26:00+00:00,93.41,93.47,93.38,93.40,7010.823
2025-10-22T13:27:00+00:00,93.40,93.40,93.33,93.40,1340.132
2025-10-22T13:28:00+00:00,93.40,93.40,93.28,93.29,3396.491
2025-10-22T13:29:00+00:00,93.29,93.29,93.19,93.26,2652.667
2025-10-22T13:30:00+00:00,93.27,93.27,93.08,93.10,3319.993
2025-10-22T13:31:00+00:00,93.11,93.16,93.06,93.12,2237.417
2025-10-22T13:32:00+00:00,93.13,93.16,92.83,92.86,4906.050
2025-10-22T13:33:00+00:00,92.87,92.88,92.71,92.74,6289.512
2025-10-22T13:34:00+00:00,92.74,92.77,92.63,92.72,2265.429
2025-10-22T13:35:00+00:00,92.72,92.86,92.56,92.86,9780.575
2025-10-22T13:36:00+00:00,92.84,92.96,92.84,92.85,4941.201
2025-10-22T13:37:00+00:00,92.84,93.09,92.71,92.93,4510.388
2025-10-22T13:38:00+00:00,92.93,93.16,92.93,93.10,2540.685
2025-10-22T13:39:00+00:00,93.11,93.19,93.03,93.13,2499.409
2025-10-22T13:40:00+00:00,93.13,93.16,93.00,93.00,3058.779
2025-10-22T13:41:00+00:00,93.00,93.05,92.93,93.01,1918.600
2025-10-22T13:42:00+00:00,93.00,93.00,92.85,92.90,1198.701
2025-10-22T13:43:00+00:00,92.89,92.99,92.81,92.97,1215.407
2025-10-22T13:44:00+00:00,92.98,93.00,92.87,92.94,1674.336
2025-10-22T13:45:00+00:00,92.94,93.05,92.86,92.87,1606.567
2025-10-22T13:46:00+00:00,92.87,92.96,92.83,92.91,1814.687
2025-10-22T13:47:00+00:00,92.91,92.95,92.70,92.92,4364.073
2025-10-22T13:48:00+00:00,92.93,92.99,92.87,92.97,870.232
2025-10-22T13:49:00+00:00,92.96,92.97,92.86,92.87,1650.863
2025-10-22T13:50:00+00:00,92.86,92.89,92.79,92.87,1028.867
2025-10-22T13:51:00+00:00,92.86,93.09,92.74,93.07,1614.765
2025-10-22T13:52:00+00:00,93.07,93.18,93.02,93.03,3029.661
2025-10-22T13:53:00+00:00,93.04,93.06,92.98,93.01,984.766
2025-10-22T13:54:00+00:00,93.01,93.23,93.01,93.18,2798.560
2025-10-22T13:55:00+00:00,93.18,93.21,93.06,93.12,1684.884
2025-10-22T13:56:00+00:00,93.13,93.16,93.09,93.10,620.743
2025-10-22T13:57:00+00:00,93.09,93.20,93.02,93.15,2921.582
2025-10-22T13:58:00+00:00,93.16,93.71,93.16,93.68,11944.568
2025-10-22T13:59:00+00:00,93.68,93.68,93.45,93.46,4023.701
2025-10-22T14:00:00+00:00,93.46,93.46,93.28,93.40,5521.459
2025-10-22T14:01:00+00:00,93.40,93.51,93.33,93.40,4980.195
2025-10-22T14:02:00+00:00,93.41,93.51,93.31,93.31,4259.693
2025-10-22T14:03:00+00:00,93.31,93.34,93.18,93.22,2502.372
2025-10-22T14:04:00+00:00,93.23,93.24,93.00,93.10,4461.435
2025-10-22T14:05:00+00:00,93.09,93.15,93.05,93.12,1596.288
2025-10-22T14:06:00+00:00,93.12,93.16,93.03,93.12,1672.090
2025-10-22T14:07:00+00:00,93.12,93.26,93.12,93.23,2364.300
2025-10-22T14:08:00+00:00,93.22,93.29,93.17,93.26,1123.429
2025-10-22T14:09:00+00:00,93.27,93.35,93.21,93.25,2326.906
2025-10-22T14:10:00+00:00,93.25,93.27,93.16,93.22,2755.283
2025-10-22T14:11:00+00:00,93.23,93.24,93.14,93.14,1348.969
2025-10-22T14:12:00+00:00,93.14,93.14,92.98,93.00,1676.957
2025-10-22T14:13:00+00:00,93.00,93.03,92.93,92.99,1812.087
2025-10-22T14:14:00+00:00,92.99,93.17,92.98,93.11,2825.715
2025-10-22T14:15:00+00:00,93.10,93.14,93.03,93.06,3603.342
2025-10-22T14:16:00+00:00,93.06,93.14,93.02,93.03,1697.105
2025-10-22T14:17:00+00:00,93.02,93.17,93.02,93.15,2565.341
2025-10-22T14:18:00+00:00,93.15,93.15,92.91,92.91,2242.844
2025-10-22T14:19:00+00:00,92.91,93.02,92.89,92.94,1227.592
2025-10-22T14:20:00+00:00,92.94,93.01,92.85,92.91,1289.816
2025-10-22T14:21:00+00:00,92.90,92.91,92.82,92.84,1005.540
2025-10-22T14:22:00+00:00,92.84,92.84,92.42,92.44,8199.285
2025-10-22T14:23:00+00:00,92.45,92.47,92.21,92.24,6796.922
2025-10-22T14:24:00+00:00,92.23,92.46,92.00,92.38,25043.414
2025-10-22T14:25:00+00:00,92.39,92.73,92.31,92.65,12063.540
2025-10-22T14:26:00+00:00,92.65,92.69,92.54,92.56,4218.072
2025-10-22T14:27:00+00:00,92.56,92.57,92.36,92.39,5926.419
2025-10-22T14:28:00+00:00,92.38,92.58,92.31,92.50,4390.423
2025-10-22T14:29:00+00:00,92.49,92.50,92.27,92.38,6471.258
2025-10-22T14:30:00+00:00,92.37,92.45,92.18,92.28,5516.568
2025-10-22T14:31:00+00:00,92.27,92.30,91.98,92.07,8156.001
2025-10-22T14:32:00+00:00,92.08,92.27,92.08,92.24,3969.640
2025-10-22T14:33:00+00:00,92.25,92.42,92.13,92.35,3531.919
2025-10-22T14:34:00+00:00,92.35,92.49,92.33,92.43,1779.062
2025-10-22T14:35:00+00:00,92.44,92.50,92.29,92.44,4511.444
2025-10-22T14:36:00+00:00,92.44,92.65,92.33,92.61,5671.702
2025-10-22T14:37:00+00:00,92.61,92.64,92.47,92.62,3373.418
2025-10-22T14:38:00+00:00,92.61,92.63,92.45,92.46,2917.191
2025-10-22T14:39:00+00:00,92.47,92.58,92.34,92.36,3604.153
2025-10-22T14:40:00+00:00,92.36,92.54,92.29,92.52,8368.354
2025-10-22T14:41:00+00:00,92.52,92.52,92.30,92.31,2236.701
2025-10-22T14:42:00+00:00,92.30,92.41,92.24,92.33,2570.061
2025-10-22T14:43:00+00:00,92.32,92.32,92.10,92.12,3600.062
2025-10-22T14:44:00+00:00,92.13,92.16,92.03,92.11,3997.943
2025-10-22T14:45:00+00:00,92.11,92.12,91.97,92.00,2894.857
2025-10-22T14:46:00+00:00,92.00,92.06,91.81,91.97,14227.898
2025-10-22T14:47:00+00:00,91.98,92.34,91.98,92.27,3743.827
2025-10-22T14:48:00+00:00,92.27,92.63,92.24,92.63,5065.645
2025-10-22T14:49:00+00:00,92.64,92.67,92.44,92.53,2070.469
2025-10-22T14:50:00+00:00,92.53,92.61,92.39,92.51,3384.741
2025-10-22T14:51:00+00:00,92.52,92.73,92.51,92.70,3834.394
2025-10-22T14:52:00+00:00,92.69,92.72,92.61,92.64,1120.778
2025-10-22T14:53:00+00:00,92.64,92.68,92.50,92.59,2206.525
2025-10-22T14:54:00+00:00,92.59,92.61,92.51,92.57,1355.556
2025-10-22T14:55:00+00:00,92.58,92.79,92.57,92.78,3938.283
2025-10-22T14:56:00+00:00,92.78,93.12,92.78,92.97,4080.207
2025-10-22T14:57:00+00:00,92.97,93.11,92.90,92.94,3681.084
2025-10-22T14:58:00+00:00,92.96,93.23,92.96,93.13,3906.571
2025-10-22T14:59:00+00:00,93.14,93.42,93.12,93.42,10668.324
2025-10-22T15:00:00+00:00,93.43,93.45,93.13,93.31,6921.862
2025-10-22T15:01:00+00:00,93.31,93.63,93.29,93.44,8527.033
2025-10-22T15:02:00+00:00,93.43,93.51,93.19,93.21,4319.380
2025-10-22T15:03:00+00:00,93.21,93.25,93.11,93.13,3435.330
2025-10-22T15:04:00+00:00,93.13,93.13,93.03,93.09,5643.703
2025-10-22T15:05:00+00:00,93.09,93.26,93.08,93.09,1426.805
2025-10-22T15:06:00+00:00,93.08,93.22,93.05,93.19,2208.410
2025-10-22T15:07:00+00:00,93.19,93.37,93.07,93.08,2290.715
2025-10-22T15:08:00+00:00,93.09,93.11,92.90,92.95,2335.739
2025-10-22T15:09:00+00:00,92.95,92.95,92.78,92.84,2083.489
2025-10-22T15:10:00+00:00,92.84,92.88,92.80,92.88,3829.109
2025-10-22T15:11:00+00:00,92.88,92.88,92.72,92.82,1838.373
2025-10-22T15:12:00+00:00,92.81,92.81,92.69,92.78,1512.844
2025-10-22T15:13:00+00:00,92.77,92.78,92.65,92.76,1873.364
2025-10-22T15:14:00+00:00,92.75,92.77,92.66,92.71,1729.343
2025-10-22T15:15:00+00:00,92.71,92.76,92.64,92.67,2156.716
2025-10-22T15:16:00+00:00,92.68,92.68,92.55,92.57,7266.273
2025-10-22T15:17:00+00:00,92.56,92.62,92.49,92.59,2680.019
2025-10-22T15:18:00+00:00,92.58,92.63,92.54,92.59,4545.464
2025-10-22T15:19:00+00:00,92.58,92.59,92.42,92.55,6297.160
2025-10-22T15:20:00+00:00,92.53,92.58,92.40,92.54,3225.325
2025-10-22T15:21:00+00:00,92.54,92.54,92.37,92.44,2035.616
2025-10-22T15:22:00+00:00,92.44,92.44,92.22,92.22,3907.900
2025-10-22T15:23:00+00:00,92.23,92.24,92.06,92.14,5790.255
2025-10-22T15:24:00+00:00,92.13,92.36,92.05,92.34,3203.564
2025-10-22T15:25:00+00:00,92.33,92.42,92.30,92.41,2466.940
2025-10-22T15:26:00+00:00,92.41,92.46,92.36,92.45,1479.498
2025-10-22T15:27:00+00:00,92.44,92.44,92.35,92.39,746.978
2025-10-22T15:28:00+00:00,92.38,92.42,92.34,92.38,641.850
2025-10-22T15:29:00+00:00,92.38,92.38,92.25,92.33,1111.924
2025-10-22T15:30:00+00:00,92.34,92.35,92.17,92.26,2140.173
2025-10-22T15:31:00+00:00,92.26,92.33,92.20,92.31,1650.128
2025-10-22T15:32:00+00:00,92.31,92.54,92.31,92.49,1386.854
2025-10-22T15:33:00+00:00,92.49,92.55,92.45,92.54,2459.127
2025-10-22T15:34:00+00:00,92.55,92.56,92.41,92.47,1862.698
2025-10-22T15:35:00+00:00,92.48,92.51,92.40,92.48,1122.531
2025-10-22T15:36:00+00:00,92.48,92.48,92.34,92.46,1146.428
2025-10-22T15:37:00+00:00,92.47,92.49,92.37,92.41,2891.942
2025-10-22T15:38:00+00:00,92.41,92.55,92.41,92.55,2520.539
2025-10-22T15:39:00+00:00,92.54,92.85,92.51,92.73,6346.914
2025-10-22T15:40:00+00:00,92.72,92.84,92.68,92.77,4016.159
2025-10-22T15:41:00+00:00,92.76,92.87,92.73,92.76,3085.335
2025-10-22T15:42:00+00:00,92.75,92.81,92.73,92.73,916.903
2025-10-22T15:43:00+00:00,92.74,92.80,92.68,92.80,1671.093
2025-10-22T15:44:00+00:00,92.80,92.92,92.77,92.83,2782.776
2025-10-22T15:45:00+00:00,92.83,93.00,92.83,92.95,2387.332
2025-10-22T15:46:00+00:00,92.96,93.04,92.94,93.03,1541.317
2025-10-22T15:47:00+00:00,93.03,93.04,92.90,92.90,613.259
2025-10-22T15:48:00+00:00,92.89,92.94,92.80,92.89,1601.882
2025-10-22T15:49:00+00:00,92.89,92.92,92.86,92.89,989.940
2025-10-22T15:50:00+00:00,92.89,92.99,92.78,92.93,2701.105
2025-10-22T15:51:00+00:00,92.93,93.05,92.89,92.93,2804.217
2025-10-22T15:52:00+00:00,92.94,92.97,92.86,92.89,2099.279
2025-10-22T15:53:00+00:00,92.89,93.00,92.89,92.93,823.162
2025-10-22T15:54:00+00:00,92.94,92.98,92.92,92.95,434.183
2025-10-22T15:55:00+00:00,92.95,93.02,92.87,92.88,1060.724
2025-10-22T15:56:00+00:00,92.87,92.95,92.87,92.92,748.290
2025-10-22T15:57:00+00:00,92.92,92.92,92.78,92.88,1709.041
2025-10-22T15:58:00+00:00,92.88,92.88,92.83,92.85,616.408
2025-10-22T15:59:00+00:00,92.84,92.89,92.79,92.86,1758.471
2025-10-22T16:00:00+00:00,92.87,92.88,92.78,92.81,1066.398
2025-10-22T16:01:00+00:00,92.82,92.83,92.76,92.83,1044.378
2025-10-22T16:02:00+00:00,92.83,92.83,92.73,92.76,747.397
2025-10-22T16:03:00+00:00,92.75,92.75,92.59,92.70,2046.381
2025-10-22T16:04:00+00:00,92.70,92.82,92.66,92.75,1594.315
2025-10-22T16:05:00+00:00,92.75,92.82,92.74,92.80,913.968
2025-10-22T16:06:00+00:00,92.79,92.97,92.75,92.94,1052.890
2025-10-22T16:07:00+00:00,92.93,92.99,92.83,92.86,707.760
2025-10-22T16:08:00+00:00,92.86,92.87,92.77,92.77,285.066
2025-10-22T16:09:00+00:00,92.78,92.87,92.78,92.87,750.571
2025-10-22T16:10:00+00:00,92.87,92.91,92.64,92.66,2477.697
2025-10-22T16:11:00+00:00,92.65,92.70,92.57,92.66,1212.773
2025-10-22T16:12:00+00:00,92.65,92.73,92.64,92.69,628.464
2025-10-22T16:13:00+00:00,92.69,92.77,92.63,92.63,263.483
2025-10-22T16:14:00+00:00,92.63,92.66,92.54,92.55,621.583
2025-10-22T16:15:00+00:00,92.55,92.56,92.50,92.51,889.369
2025-10-22T16:16:00+00:00,92.52,92.74,92.52,92.74,406.026
2025-10-22T16:17:00+00:00,92.75,92.79,92.70,92.76,1050.672
2025-10-22T16:18:00+00:00,92.75,92.75,92.64,92.70,664.530
2025-10-22T16:19:00+00:00,92.71,92.73,92.61,92.66,3185.240
2025-10-22T16:20:00+00:00,92.66,92.68,92.48,92.49,1399.053
2025-10-22T16:21:00+00:00,92.48,92.52,92.35,92.45,4151.080
2025-10-22T16:22:00+00:00,92.44,92.51,92.33,92.50,1151.284
2025-10-22T16:23:00+00:00,92.50,92.51,92.38,92.50,1137.128
2025-10-22T16:24:00+00:00,92.50,92.54,92.43,92.52,1078.186
2025-10-22T16:25:00+00:00,92.52,92.70,92.52,92.70,633.620
2025-10-22T16:26:00+00:00,92.69,92.83,92.69,92.83,936.903
2025-10-22T16:27:00+00:00,92.82,92.84,92.76,92.83,525.948
2025-10-22T16:28:00+00:00,92.82,92.94,92.82,92.93,1810.031
2025-10-22T16:29:00+00:00,92.93,92.94,92.79,92.85,1341.984
2025-10-22T16:30:00+00:00,92.85,92.98,92.18,92.30,21107.956
2025-10-22T16:31:00+00:00,92.29,92.57,92.23,92.31,20566.586
2025-10-22T16:32:00+00:00,92.32,92.39,92.15,92.26,6262.178
2025-10-22T16:33:00+00:00,92.26,92.61,92.19,92.54,3844.160
2025-10-22T16:34:00+00:00,92.55,92.82,92.52,92.81,4287.908
2025-10-22T16:35:00+00:00,92.82,92.85,92.70,92.73,3635.393
2025-10-22T16:36:00+00:00,92.74,92.74,92.58,92.68,2013.193
2025-10-22T16:37:00+00:00,92.66,92.72,92.57,92.60,1404.128
2025-10-22T16:38:00+00:00,92.61,92.72,92.57,92.67,2443.214
2025-10-22T16:39:00+00:00,92.67,92.94,92.66,92.88,3001.510
2025-10-22T16:40:00+00:00,92.89,93.03,92.89,93.01,1752.246
2025-10-22T16:41:00+00:00,93.01,93.29,93.01,93.24,2834.452
2025-10-22T16:42:00+00:00,93.24,93.33,93.19,93.23,4172.823
2025-10-22T16:43:00+00:00,93.22,93.31,93.20,93.26,6203.859
2025-10-22T16:44:00+00:00,93.25,93.49,93.23,93.41,7045.532
2025-10-22T16:45:00+00:00,93.42,93.75,93.38,93.73,8916.973
2025-10-22T16:46:00+00:00,93.73,93.83,93.65,93.73,4947.757
2025-10-22T16:47:00+00:00,93.74,93.83,93.68,93.79,10932.493
2025-10-22T16:48:00+00:00,93.80,93.82,93.73,93.77,6882.720
2025-10-22T16:49:00+00:00,93.77,93.96,93.62,93.64,8982.434
2025-10-22T16:50:00+00:00,93.65,93.82,93.58,93.81,6308.845
2025-10-22T16:51:00+00:00,93.81,93.81,93.55,93.66,6241.997
2025-10-22T16:52:00+00:00,93.65,94.00,93.61,94.00,5995.399
2025-10-22T16:53:00+00:00,93.99,94.27,93.97,94.12,8772.521
2025-10-22T16:54:00+00:00,94.12,94.28,94.05,94.22,8678.304
2025-10-22T16:55:00+00:00,94.23,94.37,94.17,94.23,7561.302
2025-10-22T16:56:00+00:00,94.24,94.34,94.16,94.20,4118.145
2025-10-22T16:57:00+00:00,94.21,94.38,94.17,94.27,10965.252
2025-10-22T16:58:00+00:00,94.27,94.41,94.20,94.37,6206.539
2025-10-22T16:59:00+00:00,94.36,94.39,94.17,94.28,5369.830
2025-10-22T17:00:00+00:00,94.27,94.28,93.53,93.57,17943.872
2025-10-22T17:01:00+00:00,93.56,93.74,93.50,93.63,7385.108
2025-10-22T17:02:00+00:00,93.62,93.65,93.28,93.54,7414.810
2025-10-22T17:03:00+00:00,93.54,93.86,93.51,93.75,6477.148
2025-10-22T17:04:00+00:00,93.75,93.99,93.70,93.70,12936.222
2025-10-22T17:05:00+00:00,93.70,93.81,93.63,93.76,3275.927
2025-10-22T17:06:00+00:00,93.76,93.97,93.74,93.88,5591.550
2025-10-22T17:07:00+00:00,93.87,93.99,93.87,93.94,3171.192
2025-10-22T17:08:00+00:00,93.93,94.03,93.79,93.84,3003.588
2025-10-22T17:09:00+00:00,93.84,94.02,93.79,94.00,3643.797
2025-10-22T17:10:00+00:00,93.99,94.16,93.96,94.16,3734.745
2025-10-22T17:11:00+00:00,94.15,94.17,94.02,94.02,2730.042
2025-10-22T17:12:00+00:00,94.03,94.12,93.98,93.99,1845.717
2025-10-22T17:13:00+00:00,93.99,94.05,93.87,94.01,3120.517
2025-10-22T17:14:00+00:00,94.00,94.15,93.92,93.98,6231.304
2025-10-22T17:15:00+00:00,93.97,94.04,93.87,93.87,3065.237
2025-10-22T17:16:00+00:00,93.86,93.90,93.76,93.88,3125.122
2025-10-22T17:17:00+00:00,93.89,94.17,93.89,94.12,1868.373
2025-10-22T17:18:00+00:00,94.13,94.13,93.96,93.97,1973.514
2025-10-22T17:19:00+00:00,93.96,93.97,93.88,93.93,2188.325
2025-10-22T17:20:00+00:00,93.93,93.99,93.83,93.95,2929.710
2025-10-22T17:21:00+00:00,93.96,93.99,93.85,93.90,2394.194
2025-10-22T17:22:00+00:00,93.89,93.98,93.80,93.95,1417.922
2025-10-22T17:23:00+00:00,93.94,93.94,93.81,93.86,1350.713
2025-10-22T17:24:00+00:00,93.86,93.86,93.73,93.81,2358.842
2025-10-22T17:25:00+00:00,93.82,93.85,93.74,93.77,1227.494
2025-10-22T17:26:00+00:00,93.76,93.83,93.66,93.66,1146.153
2025-10-22T17:27:00+00:00,93.65,93.76,93.59,93.73,2563.474
2025-10-22T17:28:00+00:00,93.73,93.77,93.65,93.66,2634.978
2025-10-22T17:29:00+00:00,93.66,93.88,93.66,93.82,3906.127
2025-10-22T17:30:00+00:00,93.81,93.84,93.72,93.73,2102.473
2025-10-22T17:31:00+00:00,93.73,93.79,93.71,93.74,1293.834
2025-10-22T17:32:00+00:00,93.73,93.78,93.70,93.75,1015.034
2025-10-22T17:33:00+00:00,93.74,93.89,93.74,93.82,1762.076
2025-10-22T17:34:00+00:00,93.82,93.96,93.82,93.93,2182.857
2025-10-22T17:35:00+00:00,93.93,94.04,93.91,94.03,2437.495
2025-10-22T17:36:00+00:00,94.03,94.08,93.97,93.97,2144.844
2025-10-22T17:37:00+00:00,93.97,94.30,93.95,94.14,7955.478
2025-10-22T17:38:00+00:00,94.13,94.31,94.10,94.26,5233.704
2025-10-22T17:39:00+00:00,94.25,94.28,94.17,94.24,3162.299
2025-10-22T17:40:00+00:00,94.24,94.32,94.20,94.32,3360.604
2025-10-22T17:41:00+00:00,94.32,94.43,94.25,94.29,4214.675
2025-10-22T17:42:00+00:00,94.29,94.33,93.99,94.00,2777.340
2025-10-22T17:43:00+00:00,93.99,94.12,93.89,94.10,8885.123
2025-10-22T17:44:00+00:00,94.10,94.16,94.01,94.12,5096.810
2025-10-22T17:45:00+00:00,94.11,94.23,94.04,94.06,4188.228
2025-10-22T17:46:00+00:00,94.05,94.29,94.00,94.14,2316.356
2025-10-22T17:47:00+00:00,94.13,94.13,94.03,94.08,2134.556
2025-10-22T17:48:00+00:00,94.07,94.11,94.03,94.08,808.818
2025-10-22T17:49:00+00:00,94.07,94.07,93.87,93.92,2269.441
2025-10-22T17:50:00+00:00,93.92,93.92,93.72,93.74,5014.902
2025-10-22T17:51:00+00:00,93.73,93.74,93.63,93.67,4579.755
2025-10-22T17:52:00+00:00,93.66,93.74,93.62,93.73,2898.193
2025-10-22T17:53:00+00:00,93.73,93.73,93.65,93.67,838.292
2025-10-22T17:54:00+00:00,93.67,93.68,93.54,93.59,3715.387
2025-10-22T17:55:00+00:00,93.59,93.66,93.57,93.59,1291.876
2025-10-22T17:56:00+00:00,93.60,93.66,93.58,93.61,1455.083
2025-10-22T17:57:00+00:00,93.61,93.70,93.61,93.65,1625.147
2025-10-22T17:58:00+00:00,93.64,93.70,93.59,93.60,1443.000
2025-10-22T17:59:00+00:00,93.60,93.60,93.52,93.52,1819.206
2025-10-22T18:00:00+00:00,93.52,93.66,93.51,93.66,2750.556
2025-10-22T18:01:00+00:00,93.65,93.87,93.65,93.87,1496.325
2025-10-22T18:02:00+00:00,93.87,93.87,93.76,93.77,1748.419
2025-10-22T18:03:00+00:00,93.77,93.86,93.75,93.77,1804.762
2025-10-22T18:04:00+00:00,93.78,94.02,93.78,93.95,1660.958
2025-10-22T18:05:00+00:00,93.94,94.00,93.88,93.93,1196.860
2025-10-22T18:06:00+00:00,93.92,93.92,93.80,93.80,844.996
2025-10-22T18:07:00+00:00,93.80,93.90,93.69,93.69,1046.806
2025-10-22T18:08:00+00:00,93.70,93.75,93.63,93.71,670.404
2025-10-22T18:09:00+00:00,93.71,93.72,93.66,93.72,223.833
2025-10-22T18:10:00+00:00,93.73,93.84,93.73,93.78,817.476
2025-10-22T18:11:00+00:00,93.78,93.85,93.73,93.85,607.309
2025-10-22T18:12:00+00:00,93.84,93.92,93.82,93.84,370.818
2025-10-22T18:13:00+00:00,93.85,93.87,93.70,93.78,1073.264
2025-10-22T18:14:00+00:00,93.78,93.79,93.48,93.53,2603.213
2025-10-22T18:15:00+00:00,93.52,93.52,93.26,93.42,14108.820
2025-10-22T18:16:00+00:00,93.42,93.42,93.30,93.32,3165.757
2025-10-22T18:17:00+00:00,93.31,93.52,93.30,93.50,2651.577
2025-10-22T18:18:00+00:00,93.50,93.50,93.32,93.35,3683.929
2025-10-22T18:19:00+00:00,93.35,93.53,93.35,93.47,2675.517
2025-10-22T18:20:00+00:00,93.46,93.69,93.46,93.65,3197.564
2025-10-22T18:21:00+00:00,93.65,93.99,93.61,93.97,1490.688
2025-10-22T18:22:00+00:00,93.97,94.00,93.84,93.91,4099.835
2025-10-22T18:23:00+00:00,93.90,94.04,93.90,94.04,2457.977
2025-10-22T18:24:00+00:00,94.04,94.15,94.04,94.12,1355.357
2025-10-22T18:25:00+00:00,94.12,94.19,94.09,94.12,2010.538
2025-10-22T18:26:00+00:00,94.12,94.22,94.08,94.10,2531.975
2025-10-22T18:27:00+00:00,94.10,94.17,94.05,94.14,1356.337
2025-10-22T18:28:00+00:00,94.15,94.15,94.07,94.15,1098.152
2025-10-22T18:29:00+00:00,94.14,94.19,94.14,94.19,712.413
2025-10-22T18:30:00+00:00,94.18,94.28,94.09,94.11,1626.232
2025-10-22T18:31:00+00:00,94.11,94.17,94.07,94.16,1685.415
2025-10-22T18:32:00+00:00,94.16,94.16,94.03,94.12,1233.023
2025-10-22T18:33:00+00:00,94.12,94.25,94.09,94.24,5890.707
2025-10-22T18:34:00+00:00,94.23,94.27,94.13,94.15,2118.470
2025-10-22T18:35:00+00:00,94.14,94.30,94.14,94.28,819.556
2025-10-22T18:36:00+00:00,94.27,94.37,94.27,94.37,1583.064
2025-10-22T18:37:00+00:00,94.38,94.44,94.27,94.27,1142.591
2025-10-22T18:38:00+00:00,94.28,94.28,94.18,94.23,1290.035
2025-10-22T18:39:00+00:00,94.22,94.32,94.22,94.28,907.634
2025-10-22T18:40:00+00:00,94.27,94.27,94.13,94.15,1196.070
2025-10-22T18:41:00+00:00,94.15,94.15,93.95,94.03,2157.191
2025-10-22T18:42:00+00:00,94.02,94.07,94.00,94.07,970.308
2025-10-22T18:43:00+00:00,94.07,94.17,94.05,94.08,928.668
2025-10-22T18:44:00+00:00,94.09,94.10,93.95,94.00,904.764
2025-10-22T18:45:00+00:00,94.01,94.11,93.96,94.11,1409.067
2025-10-22T18:46:00+00:00,94.11,94.15,94.07,94.14,1028.775
2025-10-22T18:47:00+00:00,94.13,94.18,93.97,94.04,1266.573
2025-10-22T18:48:00+00:00,94.03,94.04,93.97,93.97,718.242
2025-10-22T18:49:00+00:00,93.97,94.04,93.95,93.99,666.484
2025-10-22T18:50:00+00:00,93.99,93.99,93.78,93.81,1329.159
2025-10-22T18:51:00+00:00,93.82,93.90,93.79,93.90,793.911
2025-10-22T18:52:00+00:00,93.90,94.12,93.90,93.99,1209.635
2025-10-22T18:53:00+00:00,94.00,94.00,93.96,93.97,253.856
2025-10-22T18:54:00+00:00,93.98,94.01,93.90,93.93,438.884
2025-10-22T18:55:00+00:00,93.93,93.98,93.90,93.97,662.604
2025-10-22T18:56:00+00:00,93.97,93.97,93.84,93.85,1772.340
2025-10-22T18:57:00+00:00,93.86,93.93,93.84,93.92,983.676
2025-10-22T18:58:00+00:00,93.92,93.99,93.87,93.90,1397.977
2025-10-22T18:59:00+00:00,93.91,94.05,93.91,94.05,838.994
2025-10-22T19:00:00+00:00,94.05,94.26,94.03,94.23,2657.690
2025-10-22T19:01:00+00:00,94.23,94.36,94.06,94.31,6523.287
2025-10-22T19:02:00+00:00,94.30,94.30,94.10,94.11,2674.620
2025-10-22T19:03:00+00:00,94.10,94.26,94.07,94.26,1860.973
2025-10-22T19:04:00+00:00,94.26,94.49,94.26,94.42,7722.957
2025-10-22T19:05:00+00:00,94.42,94.72,94.42,94.70,4186.080
2025-10-22T19:06:00+00:00,94.70,94.80,94.64,94.64,2486.446
2025-10-22T19:07:00+00:00,94.65,94.75,94.65,94.69,1906.873
2025-10-22T19:08:00+00:00,94.70,94.91,94.70,94.83,2704.194
2025-10-22T19:09:00+00:00,94.82,94.92,94.80,94.83,1274.818
2025-10-22T19:10:00+00:00,94.83,94.86,94.72,94.86,1187.227
2025-10-22T19:11:00+00:00,94.86,94.89,94.80,94.83,1715.510
2025-10-22T19:12:00+00:00,94.83,94.84,94.61,94.61,2008.021
2025-10-22T19:13:00+00:00,94.62,94.67,94.56,94.62,3710.755
2025-10-22T19:14:00+00:00,94.62,94.69,94.56,94.60,1239.292
2025-10-22T19:15:00+00:00,94.60,94.73,94.57,94.59,1280.496
2025-10-22T19:16:00+00:00,94.60,94.69,94.59,94.64,1229.941
2025-10-22T19:17:00+00:00,94.65,94.72,94.64,94.67,631.410
2025-10-22T19:18:00+00:00,94.66,94.66,94.58,94.61,439.930
2025-10-22T19:19:00+00:00,94.62,94.67,94.59,94.67,467.768
2025-10-22T19:20:00+00:00,94.68,94.76,94.65,94.72,1619.300
2025-10-22T19:21:00+00:00,94.71,94.90,94.71,94.79,1191.013
2025-10-22T19:22:00+00:00,94.80,94.80,94.72,94.73,1224.399
2025-10-22T19:23:00+00:00,94.74,94.76,94.54,94.54,949.167
2025-10-22T19:24:00+00:00,94.55,94.55,94.45,94.46,1012.936
2025-10-22T19:25:00+00:00,94.47,94.53,94.46,94.52,846.010
2025-10-22T19:26:00+00:00,94.52,94.61,94.52,94.54,1380.898
2025-10-22T19:27:00+00:00,94.54,94.64,94.52,94.60,855.590
2025-10-22T19:28:00+00:00,94.60,94.64,94.55,94.61,898.527
2025-10-22T19:29:00+00:00,94.62,94.62,94.50,94.52,701.366
2025-10-22T19:30:00+00:00,94.53,94.55,94.20,94.30,7132.177
2025-10-22T19:31:00+00:00,94.30,94.34,94.26,94.26,1471.326
2025-10-22T19:32:00+00:00,94.26,94.38,94.26,94.32,848.905
2025-10-22T19:33:00+00:00,94.32,94.33,94.23,94.23,877.348
2025-10-22T19:34:00+00:00,94.22,94.28,94.19,94.19,1328.267
2025-10-22T19:35:00+00:00,94.19,94.19,94.03,94.12,2662.926
2025-10-22T19:36:00+00:00,94.11,94.16,94.06,94.13,1188.021
2025-10-22T19:37:00+00:00,94.13,94.22,94.11,94.20,1057.918
2025-10-22T19:38:00+00:00,94.21,94.29,94.20,94.28,455.868
2025-10-22T19:39:00+00:00,94.28,94.28,94.21,94.26,846.401
2025-10-22T19:40:00+00:00,94.27,94.32,94.25,94.27,400.842
2025-10-22T19:41:00+00:00,94.27,94.36,94.20,94.20,1366.186
2025-10-22T19:42:00+00:00,94.21,94.21,94.03,94.11,2323.408
2025-10-22T19:43:00+00:00,94.10,94.10,93.94,94.02,1319.099
2025-10-22T19:44:00+00:00,94.02,94.02,93.94,93.96,2796.650
2025-10-22T19:45:00+00:00,93.96,93.96,93.84,93.90,1055.290
2025-10-22T19:46:00+00:00,93.90,93.95,93.84,93.89,687.907
2025-10-22T19:47:00+00:00,93.90,94.00,93.90,94.00,823.924
2025-10-22T19:48:00+00:00,93.99,93.99,93.89,93.97,638.904
2025-10-22T19:49:00+00:00,93.97,94.10,93.97,93.99,1126.269
2025-10-22T19:50:00+00:00,94.00,94.10,93.96,93.98,2060.652
2025-10-22T19:51:00+00:00,93.97,94.01,93.87,93.95,861.705
2025-10-22T19:52:00+00:00,93.95,93.95,93.65,93.74,4410.515
2025-10-22T19:53:00+00:00,93.75,93.83,93.75,93.82,468.624
2025-10-22T19:54:00+00:00,93.81,93.97,93.81,93.85,1814.032
2025-10-22T19:55:00+00:00,93.86,93.93,93.77,93.77,1577.715
2025-10-22T19:56:00+00:00,93.77,93.90,93.76,93.80,632.798
2025-10-22T19:57:00+00:00,93.79,93.80,93.08,93.41,14051.482
2025-10-22T19:58:00+00:00,93.41,93.51,93.22,93.36,4493.677
2025-10-22T19:59:00+00:00,93.37,93.82,93.34,93.78,9687.349
2025-10-22T20:00:00+00:00,93.78,93.87,93.69,93.87,2636.499
2025-10-22T20:01:00+00:00,93.87,93.93,93.79,93.89,915.994
2025-10-22T20:02:00+00:00,93.89,93.92,93.83,93.90,2181.253
2025-10-22T20:03:00+00:00,93.90,93.97,93.83,93.83,2268.484
2025-10-22T20:04:00+00:00,93.82,93.82,93.67,93.69,1658.222
2025-10-22T20:05:00+00:00,93.68,93.80,93.67,93.73,1096.925
2025-10-22T20:06:00+00:00,93.73,93.82,93.69,93.71,934.814
2025-10-22T20:07:00+00:00,93.70,93.80,93.69,93.70,504.849
2025-10-22T20:08:00+00:00,93.70,93.81,93.63,93.81,1497.571
2025-10-22T20:09:00+00:00,93.82,93.88,93.81,93.84,882.867
2025-10-22T20:10:00+00:00,93.83,93.91,93.79,93.88,560.711
2025-10-22T20:11:00+00:00,93.88,93.89,93.74,93.78,783.803
2025-10-22T20:12:00+00:00,93.78,93.78,93.60,93.64,1248.498
2025-10-22T20:13:00+00:00,93.65,93.65,93.43,93.46,1486.037
2025-10-22T20:14:00+00:00,93.47,93.57,93.47,93.52,2112.912
2025-10-22T20:15:00+00:00,93.52,93.52,93.42,93.46,1005.037
2025-10-22T20:16:00+00:00,93.46,93.46,93.25,93.36,2060.764
2025-10-22T20:17:00+00:00,93.35,93.40,93.30,93.38,1234.501
2025-10-22T20:18:00+00:00,93.37,93.38,93.33,93.34,401.079
2025-10-22T20:19:00+00:00,93.34,93.34,93.22,93.28,1287.053
2025-10-22T20:20:00+00:00,93.29,93.29,93.15,93.21,2781.931
2025-10-22T20:21:00+00:00,93.20,93.21,93.09,93.11,2051.521
2025-10-22T20:22:00+00:00,93.11,93.13,93.06,93.10,942.515
2025-10-22T20:23:00+00:00,93.10,93.14,93.07,93.08,1103.044
2025-10-22T20:24:00+00:00,93.09,93.13,93.03,93.04,1610.947
2025-10-22T20:25:00+00:00,93.04,93.05,93.00,93.01,1383.507
2025-10-22T20:26:00+00:00,93.02,93.06,92.97,92.97,1157.502
2025-10-22T20:27:00+00:00,92.98,93.04,92.95,93.04,988.430
2025-10-22T20:28:00+00:00,93.04,93.07,92.96,92.97,934.503
2025-10-22T20:29:00+00:00,92.98,92.98,92.90,92.95,2695.256
2025-10-22T20:30:00+00:00,92.94,92.95,92.89,92.89,4068.499
2025-10-22T20:31:00+00:00,92.88,93.03,92.88,93.03,2353.147
2025-10-22T20:32:00+00:00,93.02,93.11,92.96,92.96,1941.356
2025-10-22T20:33:00+00:00,92.95,92.96,92.76,92.79,7228.814
2025-10-22T20:34:00+00:00,92.80,93.06,92.80,93.02,3932.638
2025-10-22T20:35:00+00:00,93.02,93.05,92.95,93.03,1614.920
2025-10-22T20:36:00+00:00,93.04,93.23,93.04,93.20,2520.271
2025-10-22T20:37:00+00:00,93.19,93.19,93.10,93.15,1136.958
2025-10-22T20:38:00+00:00,93.14,93.18,93.14,93.17,472.802
2025-10-22T20:39:00+00:00,93.18,93.39,93.18,93.35,1594.951
2025-10-22T20:40:00+00:00,93.35,93.35,93.27,93.32,1484.802
2025-10-22T20:41:00+00:00,93.32,93.46,93.32,93.43,2266.028
2025-10-22T20:42:00+00:00,93.44,93.54,93.44,93.47,1609.031
2025-10-22T20:43:00+00:00,93.47,93.47,93.36,93.36,1010.545
2025-10-22T20:44:00+00:00,93.36,93.37,93.32,93.34,469.822
2025-10-22T20:45:00+00:00,93.34,93.34,93.19,93.22,1310.422
2025-10-22T20:46:00+00:00,93.23,93.24,93.16,93.16,1117.279
2025-10-22T20:47:00+00:00,93.16,93.16,93.08,93.12,1078.025
2025-10-22T20:48:00+00:00,93.12,93.14,93.05,93.14,1818.503
2025-10-22T20:49:00+00:00,93.13,93.16,93.08,93.09,873.932
2025-10-22T20:50:00+00:00,93.10,93.11,93.07,93.09,727.601
2025-10-22T20:51:00+00:00,93.09,93.10,92.82,92.86,3707.316
2025-10-22T20:52:00+00:00,92.85,92.87,92.71,92.79,3119.051
2025-10-22T20:53:00+00:00,92.79,92.79,92.70,92.70,1959.520
2025-10-22T20:54:00+00:00,92.71,92.81,92.62,92.64,3650.439
2025-10-22T20:55:00+00:00,92.65,92.75,92.65,92.71,1816.254
2025-10-22T20:56:00+00:00,92.71,92.79,92.71,92.76,1723.554
2025-10-22T20:57:00+00:00,92.75,92.75,92.60,92.65,1644.011
2025-10-22T20:58:00+00:00,92.64,92.68,92.19,92.55,7115.691
2025-10-22T20:59:00+00:00,92.54,92.59,92.51,92.57,2757.922
2025-10-22T21:00:00+00:00,92.56,92.57,92.47,92.49,3351.419
2025-10-22T21:01:00+00:00,92.48,92.48,91.57,91.86,32121.189
2025-10-22T21:02:00+00:00,91.88,92.23,91.76,92.22,15729.251
2025-10-22T21:03:00+00:00,92.21,92.29,92.03,92.09,5711.083
2025-10-22T21:04:00+00:00,92.10,92.14,92.01,92.04,3414.010
2025-10-22T21:05:00+00:00,92.04,92.06,91.64,91.68,4511.918
2025-10-22T21:06:00+00:00,91.67,91.89,91.65,91.73,17253.998
2025-10-22T21:07:00+00:00,91.72,91.79,91.57,91.74,6833.291
2025-10-22T21:08:00+00:00,91.74,91.86,91.70,91.74,2882.257
2025-10-22T21:09:00+00:00,91.73,91.79,91.67,91.67,3311.940
2025-10-22T21:10:00+00:00,91.66,91.68,91.50,91.55,4235.771
2025-10-22T21:11:00+00:00,91.55,91.55,90.20,90.38,43698.761
2025-10-22T21:12:00+00:00,90.35,91.36,90.34,91.26,38985.418
2025-10-22T21:13:00+00:00,91.26,91.38,91.04,91.24,16866.315
2025-10-22T21:14:00+00:00,91.23,91.30,91.14,91.20,9099.447
2025-10-22T21:15:00+00:00,91.20,91.33,91.11,91.31,3743.807
2025-10-22T21:16:00+00:00,91.31,91.52,91.17,91.47,7580.428
2025-10-22T21:17:00+00:00,91.47,91.49,91.29,91.35,8205.460
2025-10-22T21:18:00+00:00,91.36,91.52,91.23,91.25,7297.214
2025-10-22T21:19:00+00:00,91.24,91.30,91.20,91.24,3220.360
2025-10-22T21:20:00+00:00,91.23,91.33,91.21,91.30,4135.922
2025-10-22T21:21:00+00:00,91.30,91.31,91.22,91.26,5560.276
2025-10-22T21:22:00+00:00,91.26,91.26,91.06,91.07,9142.099
2025-10-22T21:23:00+00:00,91.06,91.07,90.90,90.90,3305.340
2025-10-22T21:24:00+00:00,90.91,90.91,90.73,90.73,4467.854
2025-10-22T21:25:00+00:00,90.73,90.88,90.66,90.69,6660.077
2025-10-22T21:26:00+00:00,90.69,90.79,90.51,90.52,3596.274
2025-10-22T21:27:00+00:00,90.51,90.51,90.32,90.42,6069.051
2025-10-22T21:28:00+00:00,90.43,90.51,90.20,90.20,11360.745
2025-10-22T21:29:00+00:00,90.21,90.30,90.15,90.18,6039.907
2025-10-22T21:30:00+00:00,90.17,90.34,90.06,90.10,5949.679
2025-10-22T21:31:00+00:00,90.10,90.41,90.10,90.19,7513.832
2025-10-22T21:32:00+00:00,90.19,90.31,90.09,90.30,3756.478
2025-10-22T21:33:00+00:00,90.30,90.57,90.29,90.52,4816.499
2025-10-22T21:34:00+00:00,90.52,90.56,90.26,90.27,2668.383
2025-10-22T21:35:00+00:00,90.26,90.46,90.24,90.38,3542.514
2025-10-22T21:36:00+00:00,90.37,90.42,90.29,90.41,2512.171
2025-10-22T21:37:00+00:00,90.40,90.45,90.34,90.40,2464.188
2025-10-22T21:38:00+00:00,90.40,90.40,90.02,90.06,4122.538
2025-10-22T21:39:00+00:00,90.06,90.28,89.83,90.28,9822.261
2025-10-22T21:40:00+00:00,90.28,90.46,90.28,90.40,3257.212
2025-10-22T21:41:00+00:00,90.40,90.45,90.35,90.41,2600.534
2025-10-22T21:42:00+00:00,90.41,90.44,90.17,90.29,3499.803
2025-10-22T21:43:00+00:00,90.30,90.33,90.13,90.14,2674.038
2025-10-22T21:44:00+00:00,90.14,90.14,90.05,90.09,1798.868
2025-10-22T21:45:00+00:00,90.09,90.15,89.99,90.13,3035.091
2025-10-22T21:46:00+00:00,90.13,90.20,90.12,90.16,989.722
2025-10-22T21:47:00+00:00,90.16,90.40,90.16,90.38,1643.985
2025-10-22T21:48:00+00:00,90.38,90.51,90.33,90.38,4286.654
2025-10-22T21:49:00+00:00,90.39,90.41,90.28,90.34,1693.390
2025-10-22T21:50:00+00:00,90.34,90.34,90.29,90.30,698.322
2025-10-22T21:51:00+00:00,90.30,90.30,90.15,90.20,1551.414
2025-10-22T21:52:00+00:00,90.19,90.48,90.19,90.45,2180.277
2025-10-22T21:53:00+00:00,90.45,90.63,90.39,90.63,2304.771
2025-10-22T21:54:00+00:00,90.63,90.78,90.61,90.77,5984.636
2025-10-22T21:55:00+00:00,90.77,90.86,90.68,90.79,2919.905
2025-10-22T21:56:00+00:00,90.79,90.85,90.64,90.66,3673.628
2025-10-22T21:57:00+00:00,90.66,90.67,90.57,90.67,1498.028
2025-10-22T21:58:00+00:00,90.67,90.76,90.65,90.66,2148.629
2025-10-22T21:59:00+00:00,90.65,90.80,90.64,90.76,3171.600
2025-10-22T22:00:00+00:00,90.76,90.84,90.64,90.84,3993.870
2025-10-22T22:01:00+00:00,90.84,90.93,90.82,90.85,6311.433
2025-10-22T22:02:00+00:00,90.85,90.97,90.84,90.92,2880.138
2025-10-22T22:03:00+00:00,90.91,90.91,90.83,90.87,1330.020
2025-10-22T22:04:00+00:00,90.88,90.91,90.84,90.90,1496.994
2025-10-22T22:05:00+00:00,90.90,90.90,90.61,90.71,7592.775
2025-10-22T22:06:00+00:00,90.72,91.16,90.72,91.12,5647.386
2025-10-22T22:07:00+00:00,91.11,91.28,90.96,91.23,8827.871
2025-10-22T22:08:00+00:00,91.22,91.23,90.88,90.88,1964.666
2025-10-22T22:09:00+00:00,90.88,91.15,90.88,91.11,2677.862
2025-10-22T22:10:00+00:00,91.10,91.10,90.92,91.10,2348.841
2025-10-22T22:11:00+00:00,91.10,91.20,91.04,91.19,3858.382
2025-10-22T22:12:00+00:00,91.18,91.18,90.99,91.03,1818.160
2025-10-22T22:13:00+00:00,91.02,91.09,90.93,91.05,2191.582
2025-10-22T22:14:00+00:00,91.05,91.09,90.97,91.05,955.709
2025-10-22T22:15:00+00:00,91.06,91.11,90.88,90.94,1742.427
2025-10-22T22:16:00+00:00,90.95,90.99,90.86,90.98,1461.057
2025-10-22T22:17:00+00:00,90.99,91.10,90.94,91.10,843.987
2025-10-22T22:18:00+00:00,91.10,91.10,90.97,91.00,1044.132
2025-10-22T22:19:00+00:00,90.99,91.00,90.82,90.87,1854.170
2025-10-22T22:20:00+00:00,90.86,90.87,90.71,90.72,774.161
2025-10-22T22:21:00+00:00,90.72,90.73,90.32,90.33,2212.788
2025-10-22T22:22:00+00:00,90.33,90.70,90.32,90.62,4135.031
2025-10-22T22:23:00+00:00,90.61,90.76,90.59,90.73,2360.788
2025-10-22T22:24:00+00:00,90.74,90.76,90.61,90.70,679.337
2025-10-22T22:25:00+00:00,90.70,90.70,90.59,90.70,822.157
2025-10-22T22:26:00+00:00,90.70,90.71,90.57,90.57,423.200
2025-10-22T22:27:00+00:00,90.58,90.73,90.57,90.71,1010.434
2025-10-22T22:28:00+00:00,90.71,90.81,90.69,90.78,883.095
2025-10-22T22:29:00+00:00,90.78,90.78,90.54,90.61,1766.371
2025-10-22T22:30:00+00:00,90.62,90.76,90.62,90.71,2601.398
2025-10-22T22:31:00+00:00,90.72,90.76,90.59,90.76,874.157
2025-10-22T22:32:00+00:00,90.76,90.90,90.76,90.84,3695.121
2025-10-22T22:33:00+00:00,90.84,90.84,90.66,90.81,1664.418
2025-10-22T22:34:00+00:00,90.80,90.90,90.78,90.87,1427.611
2025-10-22T22:35:00+00:00,90.87,90.90,90.83,90.85,1444.968
2025-10-22T22:36:00+00:00,90.84,90.84,90.76,90.79,845.093
2025-10-22T22:37:00+00:00,90.80,90.80,90.56,90.57,1577.060
2025-10-22T22:38:00+00:00,90.58,90.60,90.50,90.55,1061.018
2025-10-22T22:39:00+00:00,90.55,90.71,90.55,90.68,701.427
2025-10-22T22:40:00+00:00,90.69,90.85,90.69,90.79,1229.616
2025-10-22T22:41:00+00:00,90.79,90.89,90.77,90.80,1247.409
2025-10-22T22:42:00+00:00,90.79,90.94,90.75,90.92,807.562
2025-10-22T22:43:00+00:00,90.92,91.03,90.92,90.94,1185.946
2025-10-22T22:44:00+00:00,90.94,91.03,90.89,90.94,3999.865
2025-10-22T22:45:00+00:00,90.95,91.01,90.92,91.00,1235.328
2025-10-22T22:46:00+00:00,91.00,91.13,90.99,91.13,1318.990
2025-10-22T22:47:00+00:00,91.14,91.18,91.00,91.04,1779.078
2025-10-22T22:48:00+00:00,91.04,91.06,90.88,90.88,1686.450
2025-10-22T22:49:00+00:00,90.88,90.88,90.69,90.79,1622.789
2025-10-22T22:50:00+00:00,90.79,90.81,90.64,90.70,4135.799
2025-10-22T22:51:00+00:00,90.70,90.86,90.64,90.82,1967.393
2025-10-22T22:52:00+00:00,90.83,90.83,90.73,90.80,1128.780
2025-10-22T22:53:00+00:00,90.79,90.82,90.75,90.79,995.659
2025-10-22T22:54:00+00:00,90.79,90.92,90.73,90.88,3426.975
2025-10-22T22:55:00+00:00,90.89,90.89,90.77,90.78,970.298
2025-10-22T22:56:00+00:00,90.78,90.89,90.78,90.83,1524.173
2025-10-22T22:57:00+00:00,90.84,90.84,90.75,90.80,1480.196
2025-10-22T22:58:00+00:00,90.79,90.88,90.77,90.86,1117.038
2025-10-22T22:59:00+00:00,90.85,90.87,90.80,90.82,384.342
2025-10-22T23:00:00+00:00,90.82,91.04,90.76,91.04,2754.160
2025-10-22T23:01:00+00:00,91.04,91.21,90.92,91.21,7332.815
2025-10-22T23:02:00+00:00,91.22,91.36,91.19,91.26,2564.463
2025-10-22T23:03:00+00:00,91.25,91.28,91.08,91.13,3438.164
2025-10-22T23:04:00+00:00,91.13,91.25,91.13,91.24,1865.393
2025-10-22T23:05:00+00:00,91.24,91.33,91.16,91.29,1350.788
2025-10-22T23:06:00+00:00,91.29,91.29,91.17,91.17,547.175
2025-10-22T23:07:00+00:00,91.18,91.22,91.13,91.18,897.127
2025-10-22T23:08:00+00:00,91.18,91.28,91.18,91.22,321.914
2025-10-22T23:09:00+00:00,91.23,91.27,91.21,91.22,578.063
2025-10-22T23:10:00+00:00,91.22,91.37,91.22,91.26,4009.674
2025-10-22T23:11:00+00:00,91.26,91.43,91.26,91.40,3351.924
2025-10-22T23:12:00+00:00,91.40,91.43,91.34,91.36,1657.058
2025-10-22T23:13:00+00:00,91.37,91.37,91.30,91.32,1999.941
2025-10-22T23:14:00+00:00,91.32,91.40,91.32,91.37,1535.173
2025-10-22T23:15:00+00:00,91.37,91.47,91.33,91.43,1784.248
2025-10-22T23:16:00+00:00,91.42,91.54,91.38,91.54,1512.905
2025-10-22T23:17:00+00:00,91.54,91.63,91.54,91.59,1478.663
2025-10-22T23:18:00+00:00,91.59,91.65,91.56,91.64,1533.826
2025-10-22T23:19:00+00:00,91.64,91.67,91.61,91.65,1001.632
2025-10-22T23:20:00+00:00,91.65,91.65,91.62,91.63,621.886
2025-10-22T23:21:00+00:00,91.64,91.80,91.60,91.73,1472.681
2025-10-22T23:22:00+00:00,91.73,91.76,91.68,91.73,974.561
2025-10-22T23:23:00+00:00,91.73,91.81,91.73,91.80,583.144
2025-10-22T23:24:00+00:00,91.80,91.84,91.74,91.74,874.847
2025-10-22T23:25:00+00:00,91.74,91.78,91.73,91.73,680.251
2025-10-22T23:26:00+00:00,91.74,92.18,91.73,92.04,10641.524
2025-10-22T23:27:00+00:00,92.05,92.05,91.92,91.98,2389.512
2025-10-22T23:28:00+00:00,91.97,91.97,91.82,91.90,2877.670
2025-10-22T23:29:00+00:00,91.89,91.92,91.85,91.86,1001.536
2025-10-22T23:30:00+00:00,91.85,92.10,91.85,92.10,4026.633
2025-10-22T23:31:00+00:00,92.10,92.25,92.10,92.17,9596.850
2025-10-22T23:32:00+00:00,92.18,92.24,92.08,92.09,3447.291
2025-10-22T23:33:00+00:00,92.10,92.14,92.04,92.14,938.693
2025-10-22T23:34:00+00:00,92.14,92.17,92.11,92.17,1313.052
2025-10-22T23:35:00+00:00,92.17,92.23,92.12,92.22,1308.004
2025-10-22T23:36:00+00:00,92.23,92.29,92.16,92.17,2481.067
2025-10-22T23:37:00+00:00,92.17,92.17,91.93,91.93,2520.059
2025-10-22T23:38:00+00:00,91.93,92.00,91.91,91.98,1387.234
2025-10-22T23:39:00+00:00,91.98,92.00,91.98,91.99,873.989
2025-10-22T23:40:00+00:00,91.98,91.98,91.86,91.88,1259.500
2025-10-22T23:41:00+00:00,91.88,91.88,91.79,91.79,1646.992
2025-10-22T23:42:00+00:00,91.79,91.79,91.69,91.70,1502.198
2025-10-22T23:43:00+00:00,91.70,91.71,91.62,91.63,762.000
2025-10-22T23:44:00+00:00,91.62,91.70,91.60,91.65,2484.499
2025-10-22T23:45:00+00:00,91.65,91.76,91.65,91.74,1223.381
2025-10-22T23:46:00+00:00,91.74,91.82,91.71,91.75,809.115
2025-10-22T23:47:00+00:00,91.75,91.75,91.68,91.70,830.247
2025-10-22T23:48:00+00:00,91.71,91.74,91.68,91.73,417.948
2025-10-22T23:49:00+00:00,91.74,92.03,91.74,92.00,2030.053
2025-10-22T23:50:00+00:00,91.99,92.03,91.87,92.01,1478.237
2025-10-22T23:51:00+00:00,92.01,92.06,91.93,91.95,1537.376
2025-10-22T23:52:00+00:00,91.96,91.97,91.89,91.91,532.527
2025-10-22T23:53:00+00:00,91.91,91.91,91.77,91.77,1045.188
2025-10-22T23:54:00+00:00,91.78,91.95,91.76,91.93,1111.710
2025-10-22T23:55:00+00:00,91.93,91.96,91.81,91.81,1343.055
2025-10-22T23:56:00+00:00,91.82,91.87,91.82,91.84,812.328
2025-10-22T23:57:00+00:00,91.84,91.95,91.78,91.87,1421.057
2025-10-22T23:58:00+00:00,91.87,91.89,91.78,91.78,811.796
2025-10-22T23:59:00+00:00,91.78,91.83,91.75,91.83,290.566
2025-10-23T00:00:00+00:00,91.83,91.85,91.76,91.79,1692.572
2025-10-23T00:01:00+00:00,91.78,91.88,91.77,91.80,891.286
2025-10-23T00:02:00+00:00,91.80,91.95,91.74,91.95,1070.449
2025-10-23T00:03:00+00:00,91.95,92.07,91.95,92.04,2819.659
2025-10-23T00:04:00+00:00,92.03,92.10,91.93,92.05,2491.608
2025-10-23T00:05:00+00:00,92.04,92.24,92.01,92.20,1394.880
2025-10-23T00:06:00+00:00,92.20,92.29,92.17,92.26,1156.705
2025-10-23T00:07:00+00:00,92.25,92.31,92.25,92.25,1775.057
2025-10-23T00:08:00+00:00,92.24,92.25,92.19,92.20,683.059
2025-10-23T00:09:00+00:00,92.21,92.25,92.20,92.22,484.492
2025-10-23T00:10:00+00:00,92.22,92.34,92.22,92.34,1827.265
2025-10-23T00:11:00+00:00,92.34,92.36,92.27,92.27,2986.181
2025-10-23T00:12:00+00:00,92.28,92.41,92.28,92.41,802.370
2025-10-23T00:13:00+00:00,92.40,92.45,92.37,92.39,955.313
2025-10-23T00:14:00+00:00,92.39,92.46,92.37,92.40,570.253
2025-10-23T00:15:00+00:00,92.41,92.42,92.30,92.38,2942.774
2025-10-23T00:16:00+00:00,92.39,92.47,92.39,92.41,1914.099
2025-10-23T00:17:00+00:00,92.41,92.42,92.36,92.38,1368.632
2025-10-23T00:18:00+00:00,92.38,92.38,92.34,92.36,742.893
2025-10-23T00:19:00+00:00,92.36,92.47,92.35,92.47,629.648
2025-10-23T00:20:00+00:00,92.46,92.46,92.35,92.35,605.018
2025-10-23T00:21:00+00:00,92.36,92.36,92.23,92.23,1129.402
2025-10-23T00:22:00+00:00,92.22,92.22,92.14,92.15,605.931
2025-10-23T00:23:00+00:00,92.15,92.19,92.11,92.18,384.264
2025-10-23T00:24:00+00:00,92.18,92.23,92.15,92.19,670.907
2025-10-23T00:25:00+00:00,92.19,92.19,92.09,92.17,2449.665
2025-10-23T00:26:00+00:00,92.17,92.17,92.11,92.15,331.216
2025-10-23T00:27:00+00:00,92.14,92.28,92.13,92.27,644.891
2025-10-23T00:28:00+00:00,92.27,92.32,92.24,92.24,671.321
2025-10-23T00:29:00+00:00,92.24,92.33,92.24,92.32,218.650
2025-10-23T00:30:00+00:00,92.33,92.34,92.24,92.28,909.805
2025-10-23T00:31:00+00:00,92.28,92.41,92.26,92.36,948.170
2025-10-23T00:32:00+00:00,92.35,92.36,92.27,92.27,362.996
2025-10-23T00:33:00+00:00,92.28,92.48,92.27,92.48,1027.605
2025-10-23T00:34:00+00:00,92.47,92.55,92.45,92.54,2425.542
2025-10-23T00:35:00+00:00,92.54,92.57,92.50,92.51,1036.942
2025-10-23T00:36:00+00:00,92.51,92.51,92.43,92.44,802.550
2025-10-23T00:37:00+00:00,92.43,92.52,92.43,92.50,479.063
2025-10-23T00:38:00+00:00,92.50,92.51,92.46,92.50,1308.281
2025-10-23T00:39:00+00:00,92.50,92.52,92.44,92.47,613.699
2025-10-23T00:40:00+00:00,92.48,92.48,92.32,92.32,1553.956
2025-10-23T00:41:00+00:00,92.33,92.38,92.30,92.35,1096.595
2025-10-23T00:42:00+00:00,92.35,92.35,92.22,92.22,796.801
2025-10-23T00:43:00+00:00,92.22,92.33,92.22,92.32,1230.263
2025-10-23T00:44:00+00:00,92.32,92.32,92.21,92.21,829.936
2025-10-23T00:45:00+00:00,92.22,92.26,92.20,92.24,440.515
2025-10-23T00:46:00+00:00,92.24,92.24,92.15,92.17,651.699
2025-10-23T00:47:00+00:00,92.18,92.22,92.16,92.22,859.990
2025-10-23T00:48:00+00:00,92.23,92.26,92.22,92.23,598.799
2025-10-23T00:49:00+00:00,92.23,92.25,92.20,92.20,324.036
2025-10-23T00:50:00+00:00,92.21,92.22,92.17,92.20,596.823
2025-10-23T00:51:00+00:00,92.20,92.36,92.20,92.27,1078.230
2025-10-23T00:52:00+00:00,92.27,92.31,92.27,92.29,830.055
2025-10-23T00:53:00+00:00,92.30,92.42,92.29,92.36,1480.971
2025-10-23T00:54:00+00:00,92.37,92.38,92.33,92.34,865.392
2025-10-23T00:55:00+00:00,92.34,92.37,92.31,92.34,999.215
2025-10-23T00:56:00+00:00,92.33,92.35,92.31,92.34,547.953
2025-10-23T00:57:00+00:00,92.35,92.49,92.34,92.41,2160.268
2025-10-23T00:58:00+00:00,92.41,92.44,92.36,92.37,485.966
2025-10-23T00:59:00+00:00,92.37,92.43,92.36,92.43,539.611
2025-10-23T01:00:00+00:00,92.42,92.49,92.37,92.49,1753.117
2025-10-23T01:01:00+00:00,92.48,92.52,92.46,92.52,1202.612
2025-10-23T01:02:00+00:00,92.51,92.52,92.43,92.44,1913.321
2025-10-23T01:03:00+00:00,92.43,92.43,92.38,92.39,543.501
2025-10-23T01:04:00+00:00,92.38,92.43,92.38,92.38,1486.102
2025-10-23T01:05:00+00:00,92.39,92.43,92.34,92.38,1115.833
2025-10-23T01:06:00+00:00,92.39,92.41,92.37,92.37,693.777
2025-10-23T01:07:00+00:00,92.37,92.41,92.36,92.36,399.545
2025-10-23T01:08:00+00:00,92.36,92.39,92.30,92.31,514.717
2025-10-23T01:09:00+00:00,92.31,92.36,92.27,92.27,376.139
2025-10-23T01:10:00+00:00,92.28,92.40,92.25,92.40,2298.987
2025-10-23T01:11:00+00:00,92.41,92.57,92.41,92.53,1497.525
2025-10-23T01:12:00+00:00,92.54,92.65,92.46,92.53,3003.866
2025-10-23T01:13:00+00:00,92.53,92.53,92.41,92.47,1202.929
2025-10-23T01:14:00+00:00,92.46,92.63,92.46,92.49,1253.025
2025-10-23T01:15:00+00:00,92.49,92.59,92.48,92.54,1891.959
2025-10-23T01:16:00+00:00,92.54,92.77,92.54,92.75,5936.964
2025-10-23T01:17:00+00:00,92.75,92.76,92.56,92.61,2158.419
2025-10-23T01:18:00+00:00,92.60,92.63,92.56,92.56,2361.728
2025-10-23T01:19:00+00:00,92.57,92.60,92.52,92.54,781.276
2025-10-23T01:20:00+00:00,92.54,92.54,92.48,92.48,607.444
2025-10-23T01:21:00+00:00,92.48,92.53,92.40,92.42,985.218
2025-10-23T01:22:00+00:00,92.42,92.42,92.35,92.35,608.540
2025-10-23T01:23:00+00:00,92.34,92.35,92.14,92.19,3037.684
2025-10-23T01:24:00+00:00,92.18,92.23,92.12,92.21,1424.101
2025-10-23T01:25:00+00:00,92.20,92.24,92.18,92.24,751.979
2025-10-23T01:26:00+00:00,92.23,92.27,92.23,92.27,402.875
2025-10-23T01:27:00+00:00,92.26,92.38,92.26,92.32,560.267
2025-10-23T01:28:00+00:00,92.32,92.34,92.29,92.31,628.332
2025-10-23T01:29:00+00:00,92.31,92.42,92.31,92.42,679.179
2025-10-23T01:30:00+00:00,92.42,92.51,92.39,92.43,3768.801
2025-10-23T01:31:00+00:00,92.43,92.59,92.43,92.57,2387.707
2025-10-23T01:32:00+00:00,92.56,92.63,92.54,92.60,1857.252
2025-10-23T01:33:00+00:00,92.60,92.67,92.60,92.61,1206.092
2025-10-23T01:34:00+00:00,92.60,92.73,92.59,92.68,4922.686
2025-10-23T01:35:00+00:00,92.67,92.67,92.57,92.59,2330.792
2025-10-23T01:36:00+00:00,92.58,92.61,92.52,92.52,646.341
2025-10-23T01:37:00+00:00,92.52,92.52,92.46,92.47,795.157
2025-10-23T01:38:00+00:00,92.46,92.49,92.43,92.49,1096.869
2025-10-23T01:39:00+00:00,92.48,92.49,92.43,92.47,713.646
2025-10-23T01:40:00+00:00,92.47,92.48,92.41,92.41,891.667
2025-10-23T01:41:00+00:00,92.42,92.42,92.23,92.31,1261.436
2025-10-23T01:42:00+00:00,92.32,92.34,92.26,92.28,467.500
2025-10-23T01:43:00+00:00,92.29,92.40,92.26,92.33,1045.247
2025-10-23T01:44:00+00:00,92.34,92.39,92.32,92.38,720.648
2025-10-23T01:45:00+00:00,92.38,92.42,92.34,92.41,514.652
2025-10-23T01:46:00+00:00,92.41,92.45,92.41,92.45,232.753
2025-10-23T01:47:00+00:00,92.46,92.52,92.45,92.52,205.334
2025-10-23T01:48:00+00:00,92.51,92.51,92.45,92.48,698.553
2025-10-23T01:49:00+00:00,92.47,92.47,92.29,92.29,1791.460
2025-10-23T01:50:00+00:00,92.30,92.33,92.28,92.29,487.941
2025-10-23T01:51:00+00:00,92.29,92.32,92.27,92.30,518.612
2025-10-23T01:52:00+00:00,92.29,92.39,92.27,92.37,1154.208
2025-10-23T01:53:00+00:00,92.36,92.39,92.35,92.39,128.983
2025-10-23T01:54:00+00:00,92.38,92.44,92.38,92.43,169.363
2025-10-23T01:55:00+00:00,92.43,92.45,92.37,92.39,1222.001
2025-10-23T01:56:00+00:00,92.38,92.40,92.33,92.37,831.781
2025-10-23T01:57:00+00:00,92.36,92.37,92.34,92.35,194.019
2025-10-23T01:58:00+00:00,92.34,92.34,92.30,92.32,496.456
2025-10-23T01:59:00+00:00,92.33,92.33,92.29,92.31,189.377
2025-10-23T02:00:00+00:00,92.31,92.37,92.30,92.31,1459.871
2025-10-23T02:01:00+00:00,92.32,92.34,92.29,92.32,343.236
2025-10-23T02:02:00+00:00,92.31,92.32,92.27,92.28,502.720
2025-10-23T02:03:00+00:00,92.28,92.28,92.20,92.22,936.845
2025-10-23T02:04:00+00:00,92.21,92.26,92.18,92.26,586.711
2025-10-23T02:05:00+00:00,92.27,92.27,92.19,92.23,491.876
2025-10-23T02:06:00+00:00,92.22,92.26,92.22,92.23,373.400
2025-10-23T02:07:00+00:00,92.23,92.24,92.17,92.20,944.287
2025-10-23T02:08:00+00:00,92.21,92.25,92.20,92.25,68.654
2025-10-23T02:09:00+00:00,92.25,92.28,92.22,92.23,635.121
2025-10-23T02:10:00+00:00,92.23,92.26,92.22,92.25,287.561
2025-10-23T02:11:00+00:00,92.24,92.24,92.20,92.22,348.819
2025-10-23T02:12:00+00:00,92.22,92.22,92.12,92.18,790.679
2025-10-23T02:13:00+00:00,92.18,92.20,92.15,92.20,351.998
2025-10-23T02:14:00+00:00,92.20,92.21,92.17,92.18,169.507
2025-10-23T02:15:00+00:00,92.17,92.23,92.17,92.22,391.792
2025-10-23T02:16:00+00:00,92.21,92.25,92.19,92.19,326.544
2025-10-23T02:17:00+00:00,92.20,92.27,92.20,92.26,363.561
2025-10-23T02:18:00+00:00,92.25,92.25,92.20,92.24,312.218
2025-10-23T02:19:00+00:00,92.24,92.26,92.21,92.23,365.368
2025-10-23T02:20:00+00:00,92.23,92.26,92.22,92.26,744.086
2025-10-23T02:21:00+00:00,92.25,92.27,92.25,92.27,286.836
2025-10-23T02:22:00+00:00,92.26,92.28,92.23,92.25,402.830
2025-10-23T02:23:00+00:00,92.25,92.25,92.20,92.22,536.487
2025-10-23T02:24:00+00:00,92.23,92.23,92.19,92.20,351.108
2025-10-23T02:25:00+00:00,92.19,92.20,92.16,92.18,331.203
2025-10-23T02:26:00+00:00,92.18,92.19,92.07,92.10,992.293
2025-10-23T02:27:00+00:00,92.10,92.12,92.07,92.11,688.641
2025-10-23T02:28:00+00:00,92.12,92.12,92.06,92.10,830.300
2025-10-23T02:29:00+00:00,92.11,92.16,92.11,92.11,557.801
2025-10-23T02:30:00+00:00,92.12,92.25,92.11,92.21,1254.348
2025-10-23T02:31:00+00:00,92.20,92.21,92.15,92.15,529.986
2025-10-23T02:32:00+00:00,92.15,92.16,92.13,92.13,603.206
2025-10-23T02:33:00+00:00,92.14,92.18,92.07,92.18,4708.296
2025-10-23T02:34:00+00:00,92.18,92.21,92.17,92.21,787.797
2025-10-23T02:35:00+00:00,92.20,92.25,92.19,92.25,993.209
2025-10-23T02:36:00+00:00,92.24,92.26,92.20,92.24,862.695
2025-10-23T02:37:00+00:00,92.25,92.30,92.23,92.23,729.131
2025-10-23T02:38:00+00:00,92.23,92.23,92.10,92.12,520.137
2025-10-23T02:39:00+00:00,92.12,92.20,92.12,92.17,774.454
2025-10-23T02:40:00+00:00,92.17,92.18,92.12,92.12,607.109
2025-10-23T02:41:00+00:00,92.13,92.13,92.10,92.10,512.964
2025-10-23T02:42:00+00:00,92.11,92.21,92.10,92.17,483.662
2025-10-23T02:43:00+00:00,92.17,92.18,92.15,92.18,203.136
2025-10-23T02:44:00+00:00,92.17,92.18,92.15,92.16,275.128
2025-10-23T02:45:00+00:00,92.15,92.21,92.04,92.04,1555.265
2025-10-23T02:46:00+00:00,92.04,92.08,92.03,92.07,933.104
2025-10-23T02:47:00+00:00,92.06,92.09,92.04,92.09,243.913
2025-10-23T02:48:00+00:00,92.09,92.16,92.09,92.16,881.378
2025-10-23T02:49:00+00:00,92.15,92.26,92.13,92.26,683.895
2025-10-23T02:50:00+00:00,92.25,92.29,92.19,92.27,2073.781
2025-10-23T02:51:00+00:00,92.26,92.33,92.26,92.26,664.693
2025-10-23T02:52:00+00:00,92.27,92.37,92.24,92.33,1998.735
2025-10-23T02:53:00+00:00,92.34,92.38,92.30,92.32,490.829
2025-10-23T02:54:00+00:00,92.33,92.39,92.33,92.36,1100.782
2025-10-23T02:55:00+00:00,92.37,92.37,92.27,92.34,1115.768
2025-10-23T02:56:00+00:00,92.35,92.35,92.13,92.20,5705.016
2025-10-23T02:57:00+00:00,92.19,92.25,92.17,92.24,1021.276
2025-10-23T02:58:00+00:00,92.24,92.25,92.18,92.20,545.328
2025-10-23T02:59:00+00:00,92.20,92.27,92.20,92.27,528.750
2025-10-23T03:00:00+00:00,92.27,92.33,92.26,92.28,1486.876
2025-10-23T03:01:00+00:00,92.29,92.34,92.29,92.34,395.110
2025-10-23T03:02:00+00:00,92.34,92.36,92.33,92.35,527.928
2025-10-23T03:03:00+00:00,92.36,92.49,92.36,92.45,1535.689
2025-10-23T03:04:00+00:00,92.46,92.52,92.43,92.47,1151.601
2025-10-23T03:05:00+00:00,92.48,92.52,92.44,92.44,1979.827
2025-10-23T03:06:00+00:00,92.45,92.53,92.45,92.52,509.139
2025-10-23T03:07:00+00:00,92.53,92.53,92.49,92.49,755.987
2025-10-23T03:08:00+00:00,92.50,92.55,92.49,92.55,1009.295
2025-10-23T03:09:00+00:00,92.55,92.59,92.47,92.50,958.021
2025-10-23T03:10:00+00:00,92.50,92.52,92.46,92.48,1022.296
2025-10-23T03:11:00+00:00,92.48,92.56,92.48,92.56,216.223
2025-10-23T03:12:00+00:00,92.56,92.58,92.49,92.50,806.074
2025-10-23T03:13:00+00:00,92.50,92.51,92.48,92.50,292.690
2025-10-23T03:14:00+00:00,92.51,92.51,92.48,92.51,268.025
2025-10-23T03:15:00+00:00,92.50,92.55,92.50,92.54,93.579
2025-10-23T03:16:00+00:00,92.55,92.55,92.49,92.51,468.208
2025-10-23T03:17:00+00:00,92.51,92.54,92.47,92.51,471.396
2025-10-23T03:18:00+00:00,92.50,92.58,92.50,92.57,344.095
2025-10-23T03:19:00+00:00,92.57,92.60,92.57,92.60,349.117
2025-10-23T03:20:00+00:00,92.59,92.64,92.56,92.64,710.477
2025-10-23T03:21:00+00:00,92.63,92.69,92.63,92.69,919.106
2025-10-23T03:22:00+00:00,92.68,92.71,92.68,92.69,553.149
2025-10-23T03:23:00+00:00,92.69,92.79,92.68,92.78,1568.416
2025-10-23T03:24:00+00:00,92.78,92.78,92.71,92.72,1356.698
2025-10-23T03:25:00+00:00,92.73,92.74,92.69,92.73,399.546
2025-10-23T03:26:00+00:00,92.74,92.78,92.70,92.71,537.541
2025-10-23T03:27:00+00:00,92.71,92.75,92.70,92.75,625.276
2025-10-23T03:28:00+00:00,92.75,92.78,92.70,92.72,935.048
2025-10-23T03:29:00+00:00,92.71,92.74,92.71,92.73,513.831
2025-10-23T03:30:00+00:00,92.73,92.77,92.72,92.74,1277.554
2025-10-23T03:31:00+00:00,92.74,92.76,92.71,92.74,1433.300
2025-10-23T03:32:00+00:00,92.75,92.84,92.74,92.77,1478.038
2025-10-23T03:33:00+00:00,92.78,92.85,92.77,92.79,568.856
2025-10-23T03:34:00+00:00,92.79,92.79,92.75,92.78,452.547
2025-10-23T03:35:00+00:00,92.78,92.81,92.75,92.81,417.500
2025-10-23T03:36:00+00:00,92.82,92.89,92.81,92.82,835.288
2025-10-23T03:37:00+00:00,92.81,92.82,92.76,92.76,725.794
2025-10-23T03:38:00+00:00,92.76,92.79,92.76,92.78,304.960
2025-10-23T03:39:00+00:00,92.78,92.78,92.68,92.71,1005.113
2025-10-23T03:40:00+00:00,92.72,92.75,92.71,92.75,624.100
2025-10-23T03:41:00+00:00,92.75,92.79,92.70,92.72,1065.523
2025-10-23T03:42:00+00:00,92.73,92.73,92.65,92.65,1098.305
2025-10-23T03:43:00+00:00,92.65,92.65,92.58,92.58,454.866
2025-10-23T03:44:00+00:00,92.59,92.61,92.51,92.52,906.818
2025-10-23T03:45:00+00:00,92.52,92.53,92.49,92.52,581.791
2025-10-23T03:46:00+00:00,92.52,92.54,92.50,92.50,432.420
2025-10-23T03:47:00+00:00,92.49,92.50,92.41,92.48,1079.881
2025-10-23T03:48:00+00:00,92.48,92.49,92.40,92.41,828.018
2025-10-23T03:49:00+00:00,92.42,92.47,92.41,92.47,297.780
2025-10-23T03:50:00+00:00,92.46,92.48,92.40,92.47,393.439
2025-10-23T03:51:00+00:00,92.47,92.53,92.46,92.53,431.111
2025-10-23T03:52:00+00:00,92.53,92.55,92.45,92.45,1244.314
2025-10-23T03:53:00+00:00,92.46,92.54,92.46,92.54,82.848
2025-10-23T03:54:00+00:00,92.53,92.57,92.53,92.54,374.839
2025-10-23T03:55:00+00:00,92.53,92.53,92.50,92.50,214.143
2025-10-23T03:56:00+00:00,92.50,92.51,92.50,92.50,130.153
2025-10-23T03:57:00+00:00,92.51,92.54,92.50,92.53,263.026
2025-10-23T03:58:00+00:00,92.53,92.53,92.45,92.46,631.211
2025-10-23T03:59:00+00:00,92.46,92.53,92.44,92.53,1311.848
2025-10-23T04:00:00+00:00,92.54,92.64,92.54,92.58,2171.466
2025-10-23T04:01:00+00:00,92.58,92.60,92.51,92.54,926.477
2025-10-23T04:02:00+00:00,92.54,92.55,92.49,92.52,637.869
2025-10-23T04:03:00+00:00,92.53,92.64,92.52,92.64,1436.677
2025-10-23T04:04:00+00:00,92.65,92.66,92.59,92.59,958.009
2025-10-23T04:05:00+00:00,92.59,92.59,92.49,92.54,687.733
2025-10-23T04:06:00+00:00,92.55,92.62,92.54,92.61,190.959
2025-10-23T04:07:00+00:00,92.61,92.62,92.49,92.49,416.159
2025-10-23T04:08:00+00:00,92.49,92.49,92.45,92.49,358.619
2025-10-23T04:09:00+00:00,92.48,92.51,92.28,92.28,1098.108
2025-10-23T04:10:00+00:00,92.29,92.30,92.23,92.23,722.585
2025-10-23T04:11:00+00:00,92.23,92.23,92.17,92.19,1460.193
2025-10-23T04:12:00+00:00,92.19,92.19,92.13,92.14,1169.537
2025-10-23T04:13:00+00:00,92.14,92.16,92.14,92.16,275.110
2025-10-23T04:14:00+00:00,92.17,92.19,92.14,92.18,1166.532
2025-10-23T04:15:00+00:00,92.17,92.19,92.11,92.16,1414.708
2025-10-23T04:16:00+00:00,92.16,92.17,92.08,92.14,1779.789
2025-10-23T04:17:00+00:00,92.15,92.19,92.14,92.19,182.529
2025-10-23T04:18:00+00:00,92.19,92.26,92.18,92.20,1358.006
2025-10-23T04:19:00+00:00,92.21,92.25,92.17,92.25,343.723
2025-10-23T04:20:00+00:00,92.25,92.31,92.20,92.22,1246.293
2025-10-23T04:21:00+00:00,92.23,92.30,92.23,92.29,1258.665
2025-10-23T04:22:00+00:00,92.30,92.37,92.30,92.32,1192.618
2025-10-23T04:23:00+00:00,92.31,92.35,92.27,92.31,1123.516
2025-10-23T04:24:00+00:00,92.31,92.33,92.30,92.31,129.925
2025-10-23T04:25:00+00:00,92.30,92.33,92.28,92.29,728.606
2025-10-23T04:26:00+00:00,92.29,92.33,92.29,92.33,168.167
2025-10-23T04:27:00+00:00,92.32,92.35,92.32,92.34,461.637
2025-10-23T04:28:00+00:00,92.33,92.33,92.29,92.31,282.002
2025-10-23T04:29:00+00:00,92.31,92.31,92.29,92.29,163.796
2025-10-23T04:30:00+00:00,92.30,92.30,92.29,92.29,143.258
2025-10-23T04:31:00+00:00,92.30,92.30,92.22,92.26,582.862
2025-10-23T04:32:00+00:00,92.26,92.26,92.17,92.18,1934.255
2025-10-23T04:33:00+00:00,92.19,92.21,92.19,92.20,350.250
2025-10-23T04:34:00+00:00,92.21,92.24,92.16,92.24,494.807
2025-10-23T04:35:00+00:00,92.25,92.27,92.22,92.22,863.363
2025-10-23T04:36:00+00:00,92.23,92.23,92.15,92.15,399.539
2025-10-23T04:37:00+00:00,92.15,92.23,92.15,92.21,520.811
2025-10-23T04:38:00+00:00,92.22,92.26,92.21,92.22,435.255
2025-10-23T04:39:00+00:00,92.23,92.37,92.22,92.37,599.486
2025-10-23T04:40:00+00:00,92.37,92.51,92.32,92.50,1415.799
2025-10-23T04:41:00+00:00,92.50,92.62,92.50,92.56,1014.365
2025-10-23T04:42:00+00:00,92.56,92.64,92.53,92.54,567.344
2025-10-23T04:43:00+00:00,92.53,92.60,92.53,92.59,522.110
2025-10-23T04:44:00+00:00,92.59,92.65,92.57,92.57,349.524
2025-10-23T04:45:00+00:00,92.56,92.57,92.51,92.52,379.581
2025-10-23T04:46:00+00:00,92.52,92.52,92.47,92.48,193.236
2025-10-23T04:47:00+00:00,92.48,92.48,92.43,92.48,1053.119
2025-10-23T04:48:00+00:00,92.47,92.48,92.40,92.40,173.696
2025-10-23T04:49:00+00:00,92.40,92.44,92.40,92.42,485.976
2025-10-23T04:50:00+00:00,92.42,92.43,92.36,92.42,886.125
2025-10-23T04:51:00+00:00,92.43,92.45,92.42,92.45,113.901
2025-10-23T04:52:00+00:00,92.44,92.49,92.44,92.44,291.281
2025-10-23T04:53:00+00:00,92.44,92.45,92.38,92.38,139.298
2025-10-23T04:54:00+00:00,92.37,92.37,92.29,92.30,471.309
2025-10-23T04:55:00+00:00,92.29,92.32,92.27,92.28,1351.073
2025-10-23T04:56:00+00:00,92.27,92.30,92.24,92.24,345.150
2025-10-23T04:57:00+00:00,92.24,92.31,92.24,92.31,962.379
2025-10-23T04:58:00+00:00,92.30,92.31,92.22,92.22,224.583
2025-10-23T04:59:00+00:00,92.23,92.23,92.16,92.16,320.771
2025-10-23T05:00:00+00:00,92.17,92.26,92.17,92.25,803.839
2025-10-23T05:01:00+00:00,92.25,92.26,92.20,92.20,1682.800
2025-10-23T05:02:00+00:00,92.20,92.21,92.14,92.14,525.200
2025-10-23T05:03:00+00:00,92.14,92.17,92.14,92.15,483.019
2025-10-23T05:04:00+00:00,92.16,92.22,92.10,92.18,1560.907
2025-10-23T05:05:00+00:00,92.17,92.18,92.13,92.14,358.776
2025-10-23T05:06:00+00:00,92.13,92.20,92.12,92.18,2036.526
2025-10-23T05:07:00+00:00,92.19,92.27,92.19,92.25,850.464
2025-10-23T05:08:00+00:00,92.24,92.33,92.21,92.30,1406.271
2025-10-23T05:09:00+00:00,92.30,92.42,92.29,92.42,1192.039
2025-10-23T05:10:00+00:00,92.41,92.52,92.41,92.51,2584.468
2025-10-23T05:11:00+00:00,92.51,92.66,92.50,92.59,7118.294
2025-10-23T05:12:00+00:00,92.60,92.63,92.54,92.54,899.407
2025-10-23T05:13:00+00:00,92.55,92.59,92.54,92.55,613.701
2025-10-23T05:14:00+00:00,92.55,92.60,92.55,92.60,166.451
2025-10-23T05:15:00+00:00,92.59,92.60,92.58,92.59,188.177
2025-10-23T05:16:00+00:00,92.59,92.59,92.51,92.52,501.826
2025-10-23T05:17:00+00:00,92.51,92.52,92.49,92.52,467.943
2025-10-23T05:18:00+00:00,92.51,92.54,92.51,92.54,330.394
2025-10-23T05:19:00+00:00,92.55,92.57,92.52,92.52,252.920
2025-10-23T05:20:00+00:00,92.52,92.52,92.39,92.41,897.778
2025-10-23T05:21:00+00:00,92.41,92.42,92.39,92.39,798.091
2025-10-23T05:22:00+00:00,92.38,92.39,92.38,92.38,123.049
2025-10-23T05:23:00+00:00,92.38,92.43,92.38,92.43,382.345
2025-10-23T05:24:00+00:00,92.43,92.43,92.38,92.39,364.405
2025-10-23T05:25:00+00:00,92.40,92.42,92.39,92.39,140.627
2025-10-23T05:26:00+00:00,92.39,92.41,92.38,92.41,164.871
2025-10-23T05:27:00+00:00,92.41,92.45,92.39,92.44,687.118
2025-10-23T05:28:00+00:00,92.44,92.52,92.44,92.51,758.381
2025-10-23T05:29:00+00:00,92.51,92.51,92.46,92.47,614.680
2025-10-23T05:30:00+00:00,92.47,92.49,92.45,92.48,585.734
2025-10-23T05:31:00+00:00,92.47,92.59,92.47,92.52,1169.031
2025-10-23T05:32:00+00:00,92.53,92.58,92.50,92.50,867.604
2025-10-23T05:33:00+00:00,92.50,92.52,92.47,92.47,171.804
2025-10-23T05:34:00+00:00,92.47,92.48,92.47,92.47,64.417
2025-10-23T05:35:00+00:00,92.47,92.47,92.43,92.43,813.786
2025-10-23T05:36:00+00:00,92.42,92.48,92.42,92.48,287.551
2025-10-23T05:37:00+00:00,92.48,92.48,92.39,92.43,422.155
2025-10-23T05:38:00+00:00,92.43,92.43,92.37,92.38,309.982
2025-10-23T05:39:00+00:00,92.38,92.40,92.37,92.38,262.623
2025-10-23T05:40:00+00:00,92.37,92.38,92.31,92.37,704.505
2025-10-23T05:41:00+00:00,92.37,92.41,92.36,92.41,240.411
2025-10-23T05:42:00+00:00,92.41,92.43,92.37,92.39,796.479
2025-10-23T05:43:00+00:00,92.39,92.40,92.39,92.39,149.471
2025-10-23T05:44:00+00:00,92.38,92.38,92.35,92.36,227.675
2025-10-23T05:45:00+00:00,92.35,92.36,92.32,92.35,725.404
2025-10-23T05:46:00+00:00,92.36,92.37,92.34,92.37,129.641
2025-10-23T05:47:00+00:00,92.37,92.54,92.37,92.53,1033.412
2025-10-23T05:48:00+00:00,92.52,92.53,92.45,92.48,489.613
2025-10-23T05:49:00+00:00,92.49,92.53,92.49,92.53,200.926
2025-10-23T05:50:00+00:00,92.52,92.52,92.43,92.46,749.113
2025-10-23T05:51:00+00:00,92.46,92.58,92.45,92.55,692.919
2025-10-23T05:52:00+00:00,92.55,92.58,92.51,92.57,476.023
2025-10-23T05:53:00+00:00,92.57,92.58,92.53,92.58,282.241
2025-10-23T05:54:00+00:00,92.58,92.74,92.58,92.70,2401.149
2025-10-23T05:55:00+00:00,92.69,92.69,92.64,92.64,709.037
2025-10-23T05:56:00+00:00,92.64,92.69,92.63,92.69,284.988
2025-10-23T05:57:00+00:00,92.69,92.77,92.69,92.75,1254.069
2025-10-23T05:58:00+00:00,92.76,92.76,92.74,92.74,180.158
2025-10-23T05:59:00+00:00,92.73,92.75,92.73,92.74,767.442
2025-10-23T06:00:00+00:00,92.74,92.84,92.74,92.81,1836.909
2025-10-23T06:01:00+00:00,92.82,92.83,92.79,92.80,468.931
2025-10-23T06:02:00+00:00,92.79,92.79,92.64,92.66,1679.959
2025-10-23T06:03:00+00:00,92.67,92.68,92.64,92.68,491.266
2025-10-23T06:04:00+00:00,92.68,92.71,92.66,92.68,307.375
2025-10-23T06:05:00+00:00,92.69,92.71,92.66,92.66,465.932
2025-10-23T06:06:00+00:00,92.65,92.81,92.65,92.80,840.702
2025-10-23T06:07:00+00:00,92.79,92.84,92.77,92.78,1055.078
2025-10-23T06:08:00+00:00,92.79,92.92,92.79,92.91,652.930
2025-10-23T06:09:00+00:00,92.90,92.93,92.86,92.91,1366.652
2025-10-23T06:10:00+00:00,92.92,92.94,92.92,92.94,675.282
2025-10-23T06:11:00+00:00,92.93,92.94,92.87,92.92,1212.573
2025-10-23T06:12:00+00:00,92.93,92.98,92.91,92.95,2805.890
2025-10-23T06:13:00+00:00,92.94,93.07,92.94,93.01,2847.984
2025-10-23T06:14:00+00:00,93.01,93.11,92.98,93.10,1966.570
2025-10-23T06:15:00+00:00,93.09,93.53,93.08,93.39,6973.812
2025-10-23T06:16:00+00:00,93.39,93.67,93.39,93.55,7490.766
2025-10-23T06:17:00+00:00,93.55,93.85,93.55,93.81,7436.819
2025-10-23T06:18:00+00:00,93.81,93.99,93.50,93.67,18949.116
2025-10-23T06:19:00+00:00,93.67,93.70,93.47,93.49,3367.482
2025-10-23T06:20:00+00:00,93.49,93.61,93.47,93.48,2562.779
2025-10-23T06:21:00+00:00,93.49,93.67,93.49,93.62,3738.904
2025-10-23T06:22:00+00:00,93.62,93.68,93.62,93.67,1588.319
2025-10-23T06:23:00+00:00,93.68,93.70,93.63,93.67,2259.867
2025-10-23T06:24:00+00:00,93.68,93.80,93.49,93.54,1637.046
2025-10-23T06:25:00+00:00,93.54,93.62,93.52,93.59,1300.992
2025-10-23T06:26:00+00:00,93.59,93.70,93.59,93.68,3566.942
2025-10-23T06:27:00+00:00,93.68,93.69,93.55,93.55,1547.981
2025-10-23T06:28:00+00:00,93.55,93.71,93.52,93.71,3703.754
2025-10-23T06:29:00+00:00,93.68,93.68,93.60,93.60,988.066
2025-10-23T06:30:00+00:00,93.61,93.71,93.61,93.68,1592.517
2025-10-23T06:31:00+00:00,93.67,93.70,93.52,93.55,2093.598
2025-10-23T06:32:00+00:00,93.55,93.56,93.46,93.49,1488.177
2025-10-23T06:33:00+00:00,93.49,93.71,93.49,93.61,2530.644
2025-10-23T06:34:00+00:00,93.60,93.68,93.56,93.58,4533.556
2025-10-23T06:35:00+00:00,93.58,93.69,93.58,93.68,594.769
2025-10-23T06:36:00+00:00,93.68,93.80,93.68,93.72,1171.839
2025-10-23T06:37:00+00:00,93.72,93.73,93.68,93.69,498.862
2025-10-23T06:38:00+00:00,93.69,93.76,93.68,93.73,1271.601
2025-10-23T06:39:00+00:00,93.74,93.74,93.66,93.67,994.736
2025-10-23T06:40:00+00:00,93.68,93.74,93.67,93.74,905.023
2025-10-23T06:41:00+00:00,93.73,93.77,93.70,93.76,1293.869
2025-10-23T06:42:00+00:00,93.77,93.86,93.72,93.74,1409.870
2025-10-23T06:43:00+00:00,93.75,93.78,93.67,93.69,2229.355
2025-10-23T06:44:00+00:00,93.69,93.71,93.63,93.64,950.611
2025-10-23T06:45:00+00:00,93.65,93.74,93.64,93.68,957.880
2025-10-23T06:46:00+00:00,93.69,93.72,93.67,93.69,550.500
2025-10-23T06:47:00+00:00,93.69,93.81,93.69,93.79,797.124
2025-10-23T06:48:00+00:00,93.79,93.83,93.76,93.80,657.054
2025-10-23T06:49:00+00:00,93.79,93.80,93.69,93.71,848.910
2025-10-23T06:50:00+00:00,93.71,93.72,93.68,93.72,607.782
2025-10-23T06:51:00+00:00,93.73,93.85,93.73,93.82,662.490
2025-10-23T06:52:00+00:00,93.81,93.90,93.72,93.77,1568.166
2025-10-23T06:53:00+00:00,93.76,93.79,93.67,93.67,1236.683
2025-10-23T06:54:00+00:00,93.68,93.73,93.64,93.65,653.859
2025-10-23T06:55:00+00:00,93.64,93.70,93.57,93.69,1520.400
2025-10-23T06:56:00+00:00,93.70,93.73,93.68,93.71,662.877
2025-10-23T06:57:00+00:00,93.71,93.74,93.68,93.68,548.401
2025-10-23T06:58:00+00:00,93.68,93.77,93.68,93.74,1120.450
2025-10-23T06:59:00+00:00,93.74,93.80,93.73,93.78,986.214
2025-10-23T07:00:00+00:00,93.78,93.80,93.63,93.65,1131.741
2025-10-23T07:01:00+00:00,93.66,93.68,93.56,93.56,923.304
2025-10-23T07:02:00+00:00,93.57,93.57,93.53,93.54,2711.954
2025-10-23T07:03:00+00:00,93.55,93.57,93.50,93.50,858.712
2025-10-23T07:04:00+00:00,93.49,93.53,93.42,93.46,1978.487
2025-10-23T07:05:00+00:00,93.47,93.51,93.46,93.48,1089.682
2025-10-23T07:06:00+00:00,93.49,93.58,93.49,93.55,477.644
2025-10-23T07:07:00+00:00,93.55,93.55,93.46,93.50,1381.515
2025-10-23T07:08:00+00:00,93.50,93.58,93.46,93.46,1076.269
2025-10-23T07:09:00+00:00,93.45,93.52,93.45,93.49,478.313
2025-10-23T07:10:00+00:00,93.49,93.52,93.46,93.48,760.567
2025-10-23T07:11:00+00:00,93.48,93.48,93.43,93.44,426.058
2025-10-23T07:12:00+00:00,93.45,93.49,93.44,93.49,473.715
2025-10-23T07:13:00+00:00,93.49,93.49,93.40,93.41,641.161
2025-10-23T07:14:00+00:00,93.40,93.41,93.37,93.39,950.850
2025-10-23T07:15:00+00:00,93.38,93.39,93.32,93.36,441.386
2025-10-23T07:16:00+00:00,93.37,93.47,93.36,93.43,1978.545
2025-10-23T07:17:00+00:00,93.44,93.45,93.40,93.43,231.868
2025-10-23T07:18:00+00:00,93.44,93.50,93.44,93.44,1013.284
2025-10-23T07:19:00+00:00,93.44,93.45,93.30,93.31,887.152
2025-10-23T07:20:00+00:00,93.31,93.37,93.30,93.31,690.819
2025-10-23T07:21:00+00:00,93.32,93.33,93.25,93.29,802.261
2025-10-23T07:22:00+00:00,93.30,93.31,93.27,93.29,730.926
2025-10-23T07:23:00+00:00,93.28,93.29,93.16,93.17,1638.575
2025-10-23T07:24:00+00:00,93.16,93.20,93.05,93.14,2187.976
2025-10-23T07:25:00+00:00,93.13,93.19,93.09,93.11,969.860
2025-10-23T07:26:00+00:00,93.10,93.17,93.10,93.17,1328.711
2025-10-23T07:27:00+00:00,93.16,93.24,93.16,93.22,562.779
2025-10-23T07:28:00+00:00,93.23,93.28,93.22,93.28,344.369
2025-10-23T07:29:00+00:00,93.28,93.31,93.28,93.29,724.581
2025-10-23T07:30:00+00:00,93.30,93.41,93.30,93.36,1076.905
2025-10-23T07:31:00+00:00,93.36,93.41,93.29,93.32,1847.178
2025-10-23T07:32:00+00:00,93.32,93.36,93.29,93.31,723.716
2025-10-23T07:33:00+00:00,93.30,93.30,93.22,93.25,279.560
2025-10-23T07:34:00+00:00,93.24,93.26,93.22,93.23,207.846
2025-10-23T07:35:00+00:00,93.22,93.23,93.16,93.17,511.727
2025-10-23T07:36:00+00:00,93.18,93.18,93.12,93.13,836.639
2025-10-23T07:37:00+00:00,93.13,93.13,93.05,93.06,744.190
2025-10-23T07:38:00+00:00,93.05,93.05,92.98,93.01,1903.670
2025-10-23T07:39:00+00:00,93.01,93.03,92.98,93.01,764.436
2025-10-23T07:40:00+00:00,93.01,93.07,92.99,93.06,655.024
2025-10-23T07:41:00+00:00,93.06,93.09,93.05,93.07,961.496
2025-10-23T07:42:00+00:00,93.07,93.13,93.07,93.13,588.727
2025-10-23T07:43:00+00:00,93.12,93.17,93.12,93.12,805.871
2025-10-23T07:44:00+00:00,93.11,93.21,93.11,93.20,722.028
2025-10-23T07:45:00+00:00,93.20,93.35,93.20,93.31,1636.586
2025-10-23T07:46:00+00:00,93.30,93.35,93.29,93.35,822.376
2025-10-23T07:47:00+00:00,93.35,93.35,93.32,93.32,655.804
2025-10-23T07:48:00+00:00,93.32,93.37,93.30,93.33,558.297
2025-10-23T07:49:00+00:00,93.33,93.43,93.33,93.35,397.755
2025-10-23T07:50:00+00:00,93.34,93.36,93.30,93.34,426.903
2025-10-23T07:51:00+00:00,93.34,93.37,93.31,93.36,727.001
2025-10-23T07:52:00+00:00,93.36,93.41,93.35,93.40,494.552
2025-10-23T07:53:00+00:00,93.39,93.39,93.33,93.33,578.729
2025-10-23T07:54:00+00:00,93.33,93.36,93.25,93.25,305.005
2025-10-23T07:55:00+00:00,93.24,93.24,93.16,93.19,663.010
2025-10-23T07:56:00+00:00,93.19,93.26,93.19,93.26,536.285
2025-10-23T07:57:00+00:00,93.26,93.27,93.20,93.25,358.245
2025-10-23T07:58:00+00:00,93.25,93.27,93.23,93.27,521.712
2025-10-23T07:59:00+00:00,93.26,93.27,93.23,93.27,306.573
2025-10-23T08:00:00+00:00,93.28,93.34,93.27,93.34,424.792
2025-10-23T08:01:00+00:00,93.34,93.36,93.32,93.34,501.683
2025-10-23T08:02:00+00:00,93.35,93.52,93.34,93.48,2634.197
2025-10-23T08:03:00+00:00,93.49,93.54,93.47,93.48,997.768
2025-10-23T08:04:00+00:00,93.48,93.52,93.45,93.45,2420.555
2025-10-23T08:05:00+00:00,93.46,93.57,93.46,93.56,2071.196
2025-10-23T08:06:00+00:00,93.55,93.58,93.50,93.55,483.387
2025-10-23T08:07:00+00:00,93.56,93.59,93.53,93.53,603.506
2025-10-23T08:08:00+00:00,93.53,93.60,93.49,93.51,974.599
2025-10-23T08:09:00+00:00,93.51,93.53,93.46,93.53,944.341
2025-10-23T08:10:00+00:00,93.53,93.64,93.51,93.61,1463.014
2025-10-23T08:11:00+00:00,93.61,93.61,93.56,93.60,952.273
2025-10-23T08:12:00+00:00,93.60,93.65,93.57,93.60,5270.629
2025-10-23T08:13:00+00:00,93.60,93.64,93.55,93.56,633.680
2025-10-23T08:14:00+00:00,93.57,93.63,93.55,93.55,869.043
2025-10-23T08:15:00+00:00,93.54,93.55,93.45,93.50,540.030
2025-10-23T08:16:00+00:00,93.49,93.57,93.49,93.51,947.584
2025-10-23T08:17:00+00:00,93.50,93.57,93.48,93.51,777.935
2025-10-23T08:18:00+00:00,93.51,93.58,93.51,93.55,907.084
2025-10-23T08:19:00+00:00,93.55,93.62,93.41,93.44,1004.194
2025-10-23T08:20:00+00:00,93.45,93.53,93.45,93.47,713.046
2025-10-23T08:21:00+00:00,93.47,93.48,93.44,93.44,553.185
2025-10-23T08:22:00+00:00,93.44,93.50,93.38,93.42,714.275
2025-10-23T08:23:00+00:00,93.42,93.45,93.40,93.43,670.076
2025-10-23T08:24:00+00:00,93.43,93.43,93.38,93.41,351.436
2025-10-23T08:25:00+00:00,93.41,93.46,93.37,93.43,1013.810
2025-10-23T08:26:00+00:00,93.44,93.46,93.41,93.46,469.499
2025-10-23T08:27:00+00:00,93.45,93.50,93.45,93.46,519.807
2025-10-23T08:28:00+00:00,93.46,93.47,93.45,93.46,162.418
2025-10-23T08:29:00+00:00,93.47,93.54,93.46,93.50,1635.411
2025-10-23T08:30:00+00:00,93.50,93.50,93.46,93.47,836.567
2025-10-23T08:31:00+00:00,93.48,93.55,93.47,93.49,1123.882
2025-10-23T08:32:00+00:00,93.48,93.49,93.45,93.49,426.082
2025-10-23T08:33:00+00:00,93.49,93.55,93.47,93.53,827.842
2025-10-23T08:34:00+00:00,93.54,93.60,93.51,93.59,1026.490
2025-10-23T08:35:00+00:00,93.58,93.58,93.51,93.53,2085.502
2025-10-23T08:36:00+00:00,93.53,93.54,93.52,93.53,211.263
2025-10-23T08:37:00+00:00,93.53,93.54,93.48,93.50,1086.133
2025-10-23T08:38:00+00:00,93.50,93.50,93.38,93.44,1087.860
2025-10-23T08:39:00+00:00,93.44,93.50,93.43,93.49,547.489
2025-10-23T08:40:00+00:00,93.48,93.52,93.44,93.52,297.278
2025-10-23T08:41:00+00:00,93.52,93.54,93.50,93.50,322.207
